,Time,Source,Text,Compound,Positive,Neutral,Negative,Tweets Ago
0,2018-09-30 22:58:07+00:00,BBCNews,Conservative Party conference: Ministers brace for a bumpy week https://t.co/UBRtT3vM46,0.4019,0.252,0.748,0.0,0
1,2018-09-30 22:30:11+00:00,BBCNews,Newspaper headlines: 'Brexit divisions erupt' amid 'Tory backlash' https://t.co/KnerUotdrT,0.0,0.0,1.0,0.0,-1
2,2018-09-30 21:38:49+00:00,BBCNews,Russian GP: A baddie today or an idiot tomorrow? Which would you be? https://t.co/GlDAxAk3Zh,-0.5661,0.0,0.766,0.234,-2
3,2018-09-30 21:21:17+00:00,BBCNews,Indonesia earthquake: Dozens feared trapped under quake rubble https://t.co/oEwf1rfreW,-0.765,0.0,0.515,0.485,-3
4,2018-09-30 20:57:39+00:00,BBCNews,"Powerful Typhoon Trami hits Japan, injuring dozens https://t.co/dlEEpSeUnr",0.4215,0.286,0.714,0.0,-4
5,2018-09-30 20:35:23+00:00,BBCNews,"Garth Crooks' team of the week: Sterling, Ozil, Sigurdsson - but who else? https://t.co/4NJl7HmN56",0.0,0.0,1.0,0.0,-5
6,2018-09-30 20:16:18+00:00,BBCNews,Hadlow stab deaths: Mother and daughter victims named https://t.co/JmpkgedTJQ,-0.7269,0.0,0.534,0.466,-6
7,2018-09-30 17:41:08+00:00,BBCNews,Cardiff City 1-2 Burnley: Neil Warnock's side remain winless after Sam Vokes goal https://t.co/KlLcnRqIfr,0.0,0.0,1.0,0.0,-7
8,2018-09-30 17:10:30+00:00,BBCNews,Kellyanne Conway: 'I'm a victim of sexual assault' https://t.co/eVzKH193F1,-0.7096,0.0,0.504,0.496,-8
9,2018-09-30 16:32:54+00:00,BBCNews,"RT @BBCPolitics: ""If you don't play by international rules then the price will always be too high"" - Foreign Secretary Jeremy Hunt warns Ru‚Ä¶",-0.3476,0.0,0.859,0.141,-9
10,2018-09-30 16:19:43+00:00,BBCNews,Suspected burglar dies in Coventry roof fall https://t.co/mOFD2CHlvp,-0.2263,0.0,0.787,0.213,-10
11,2018-09-30 16:17:38+00:00,BBCNews,"RT @BBCPolitics: ""If you turn the EU club into a prison, the desire to get out won't diminish it will grow"" - Foreign Secretary Jeremy Hunt‚Ä¶",-0.1531,0.096,0.786,0.118,-11
12,2018-09-30 15:50:02+00:00,BBCNews,"RT @BBCWorld: His tweeting has cost him and his firm $20m, his role as chair... and he's being sued for defamation - Who is Elon Musk?
(Tap‚Ä¶",0.0,0.0,1.0,0.0,-12
13,2018-09-30 15:44:56+00:00,BBCNews,North Korea defector numbers 'drop' under Kim https://t.co/tsFi00tVXf,-0.4404,0.0,0.707,0.293,-13
14,2018-09-30 15:22:00+00:00,BBCNews,October 1968: The birth of the Northern Ireland Troubles? https://t.co/Tp4vfEXuSx,-0.4588,0.0,0.75,0.25,-14
15,2018-09-30 15:07:08+00:00,BBCNews,Ryder Cup 2018: Europe thrash US to regain Ryder Cup https://t.co/04uGxV1dfo,0.0,0.0,1.0,0.0,-15
16,2018-09-30 15:02:30+00:00,BBCNews,"RT @5liveSport: That's it!

Mickelson hits the water and concedes to Francesco Molinari!

#TeamEurope have won the #RyderCup !!

üéôÔ∏èüìªhttps:/‚Ä¶",0.7067,0.204,0.796,0.0,-16
17,2018-09-30 14:33:43+00:00,BBCNews,Menga strike gives Livingston 1-0 win over Rangers https://t.co/RnQaIdnTl3,0.5106,0.309,0.569,0.122,-17
18,2018-09-30 14:00:41+00:00,BBCNews,"RT @BBCPolitics: New tax on foreign home buyers to help rough sleepers, PM says https://t.co/HgR6EMrxcq",0.4019,0.162,0.838,0.0,-18
19,2018-09-30 13:59:36+00:00,BBCNews,Alan Titchmarsh herds sheep over London Bridge https://t.co/wTr9eCbwqX,0.0,0.0,1.0,0.0,-19
20,2018-09-30 13:33:19+00:00,BBCNews,Cristiano Ronaldo denies rape claim as 'fake news' https://t.co/onsY7SpfjY,-0.891,0.0,0.361,0.639,-20
21,2018-09-30 13:03:09+00:00,BBCNews,Lewis Hamilton wins in Russia after team orders https://t.co/o6rUhp6Jkq,0.5719,0.316,0.684,0.0,-21
22,2018-09-30 12:45:08+00:00,BBCNews,Has 'dieting' become a dirty word? ü§ê https://t.co/vXHShgIsVn,-0.4404,0.0,0.633,0.367,-22
23,2018-09-30 12:32:28+00:00,BBCNews,"Is there a word for when you can't find the right word? ü§î 
(Tap to expand)
https://t.co/oi9oTamXuZ‚Ä¶ https://t.co/cjPLFw5hft",0.0,0.0,1.0,0.0,-23
24,2018-09-30 11:28:37+00:00,BBCNews,"RT @BBCWorld: Rescuers frantically search for survivors in earthquake and tsunami-hit Palu, where over 800 people have been confirmed dead‚Ä¶",-0.34,0.0,0.888,0.112,-24
25,2018-09-30 10:54:13+00:00,BBCNews,RT @BBCWorld: North Korea defector numbers 'drop' under Kim https://t.co/zDW1hw2GYw,-0.4404,0.0,0.756,0.244,-25
26,2018-09-30 10:42:41+00:00,BBCNews,Dellen Millard: Fun-loving heir whose killings stunned Canada https://t.co/SjQjYkgwD3,-0.7096,0.0,0.543,0.457,-26
27,2018-09-30 10:27:52+00:00,BBCNews,Man charged with murdering two women in Kent https://t.co/0oV9e46vCS,-0.7269,0.0,0.534,0.466,-27
28,2018-09-30 10:08:07+00:00,BBCNews,"RT @BBCPolitics: ‚ÄúOverall, we are putting ¬£1.4 billon extra into school budgets this year,‚Äù says the Prime Minister @theresa_may#marr https‚Ä¶",0.0,0.0,1.0,0.0,-28
29,2018-09-30 10:07:58+00:00,BBCNews,"""Foreign buyers coming in actually pushes house prices up and lowers home ownership... I want to ensure people in t‚Ä¶ https://t.co/cl0OvS8yhJ",0.34,0.174,0.759,0.067,-29
30,2018-09-30 10:05:34+00:00,BBCNews,Manchester United: Is Jose Mourinho's third-season syndrome a myth or is it happening again? https://t.co/ZS9DNtT6Wd,0.4215,0.177,0.823,0.0,-30
31,2018-09-30 10:04:15+00:00,BBCNews,"RT @BBCPolitics: On the Windrush Generation, @theresa_may says: ‚ÄúI apologise for the fact that some people got caught up in that, were caug‚Ä¶",0.3818,0.106,0.894,0.0,-31
32,2018-09-30 09:54:28+00:00,BBCNews,"RT @BBCPolitics: The Prime Minister @theresa_may says: ‚ÄúWe, as a UK government are still committed to doing everything we can to ensure the‚Ä¶",0.5719,0.19,0.81,0.0,-32
33,2018-09-30 09:51:04+00:00,BBCNews,"RT @BBCPolitics: ‚ÄúWe think @theresa_may could get closer to [the Labour Party] on where a Custom Union should go,‚Äù says Deputy Leader of th‚Ä¶",0.0,0.0,1.0,0.0,-33
34,2018-09-30 09:47:31+00:00,BBCNews,"RT @BBCPolitics: ‚ÄúWe will make a success of Brexit, regardless of the outcome of the negotiations,‚Äù says the Prime Minister @theresa_may #m‚Ä¶",0.5719,0.156,0.844,0.0,-34
35,2018-09-30 09:43:57+00:00,BBCNews,"RT @BBCPolitics: ‚ÄúChequers, at the moment, is the only plan at the moment that delivers on the Brexit vote in the way I‚Äôve set out,‚Äù says @‚Ä¶",0.0,0.0,1.0,0.0,-35
36,2018-09-30 09:39:15+00:00,BBCNews,Alfredo Morelos: Can Steven Gerrard tame Rangers' El Buffalo? https://t.co/48almQFOkG,0.0,0.0,1.0,0.0,-36
37,2018-09-30 09:36:59+00:00,BBCNews,RT @BBCPolitics: Actor Sir Mark Rylance looks back at the Stop the War protest #marr https://t.co/SIpZ77iqsN,-0.7964,0.0,0.616,0.384,-37
38,2018-09-30 09:26:28+00:00,BBCNews,RT @BBCPolitics: A promise for another referendum ‚Äúis too early to say‚Äù explains @tom_watson ‚Äúbut we‚Äôre not ruling it out‚Äù. #marr https://t‚Ä¶,0.3182,0.103,0.897,0.0,-38
39,2018-09-30 09:20:52+00:00,BBCNews,In pictures: Search for Indonesia tsunami survivors https://t.co/WmlPJwogGM,0.0,0.0,1.0,0.0,-39
40,2018-09-30 09:18:09+00:00,BBCNews,"RT @BBCWorld: ""We fell in love""- Donald Trump on the ""beautiful letters"" he received from Kim Jong-un
(Tap to expand) https://t.co/YFhNzAjs‚Ä¶",0.5994,0.163,0.837,0.0,-40
41,2018-09-30 09:07:21+00:00,BBCNews,RT @BBCPolitics: Today on #marr: The Prime Minister @theresa_may and the Deputy Leader of the Labour Party @tom_watson. Sir Mark Rylance te‚Ä¶,0.4019,0.114,0.886,0.0,-41
42,2018-09-30 08:27:58+00:00,BBCNews,"'I'd binge on Nutella, eating a giant tub a week' https://t.co/9P2kIsGeh2",0.0,0.0,1.0,0.0,-42
43,2018-09-30 08:03:00+00:00,BBCNews,"RT @BBCSport: Getting ready to spend your Sunday watching the Ryder Cup all day? üòç

Here's all you need to know üëâ https://t.co/SxCARfCZ4m‚Ä¶",0.3612,0.111,0.889,0.0,-43
44,2018-09-30 08:02:41+00:00,BBCNews,RT @BBCScotlandNews: Scotland's health secretary writes to EU staff working in the NHS calling on them to stay in Scotland post-Brexit http‚Ä¶,0.0,0.0,1.0,0.0,-44
45,2018-09-30 07:50:05+00:00,BBCNews,Social media guidelines for young people to be drawn up https://t.co/bDYaCVuN5Y,0.0,0.0,1.0,0.0,-45
46,2018-09-30 07:15:34+00:00,BBCNews,Racism and stereotypes in colonial India‚Äôs 'Instagram‚Äô https://t.co/rR3oPf30Re,-0.6249,0.0,0.631,0.369,-46
47,2018-09-30 07:07:54+00:00,BBCNews,Huddersfield: How Terriers are attempting to go global despite league struggles https://t.co/x5YouQ902V,0.2755,0.161,0.839,0.0,-47
48,2018-09-30 06:56:47+00:00,BBCNews,Indonesia quake death toll 'at least 832' https://t.co/GXOVy8HGVu,-0.5994,0.0,0.642,0.358,-48
49,2018-09-30 06:49:24+00:00,BBCNews,Daniel Sturridge: Has the Liverpool forward got his mojo back? https://t.co/H6TfXytetX,0.0,0.0,1.0,0.0,-49
50,2018-09-30 04:49:15+00:00,BBCNews,Indonesia tsunami: Rescuers dig through rubble for survivors https://t.co/at5PxU6pmu,0.0,0.0,1.0,0.0,-50
51,2018-09-30 03:32:45+00:00,BBCNews,Cambridge University completes restoration of gatehouse https://t.co/FDFWKfG6p4,0.0,0.0,1.0,0.0,-51
52,2018-09-30 03:28:47+00:00,BBCNews,"Brexit plan critics are playing politics, says Theresa May https://t.co/1R65QSRyNn",-0.1027,0.15,0.667,0.183,-52
53,2018-09-30 00:16:10+00:00,BBCNews,Brett Kavanaugh: FBI contacts second woman https://t.co/8R4i739adF,0.0,0.0,1.0,0.0,-53
54,2018-09-29 23:53:46+00:00,BBCNews,Three in five British adults say miracles are possible https://t.co/8IfJoEpTF0,0.0,0.0,1.0,0.0,-54
55,2018-09-29 23:39:33+00:00,BBCNews,"North Korea 'won't disarm if sanctions continue', minister says https://t.co/y6n9bwaZAA",0.0,0.0,1.0,0.0,-55
56,2018-09-29 23:36:00+00:00,BBCNews,Desert Island Discs: Tom Daley felt 'inferior' over sexuality https://t.co/I6duW1AdEf,0.0,0.0,1.0,0.0,-56
57,2018-09-29 23:21:58+00:00,BBCNews,Ty Hafan: Dad's group tackling tragedy and mountains together https://t.co/8snzNTWtg8,-0.4215,0.173,0.533,0.293,-57
58,2018-09-29 22:47:36+00:00,BBCNews,Newspaper headlines: 'Boris vs May' and 'disgraceful' data breach https://t.co/7o80XPtNBU,0.0,0.0,1.0,0.0,-58
59,2018-09-29 22:35:42+00:00,BBCNews,Russian spy poisoning: Woman 'identifies' suspect as Anatoliy Chepiga https://t.co/3cW1bYm1O4,-0.7184,0.0,0.571,0.429,-59
60,2018-09-29 22:08:59+00:00,BBCNews,Elon Musk reaches deal over tweets about taking Tesla private https://t.co/rYTM37xKwV,0.0516,0.107,0.893,0.0,-60
61,2018-09-29 22:00:58+00:00,BBCNews,Ryder Cup 2018: Where will the winning points come from? - singles draw &amp; form https://t.co/yrqcTfW1pJ,0.5267,0.195,0.805,0.0,-61
62,2018-09-29 21:07:58+00:00,BBCNews,Lewis Hamilton team orders? All you need to know about Russia https://t.co/AHe92D7JrM,0.0,0.0,1.0,0.0,-62
63,2018-09-29 19:32:47+00:00,BBCNews,Hattie the Fatty half the size and hungry for a home https://t.co/fbFAZPqSlT,0.0,0.0,1.0,0.0,-63
64,2018-09-29 19:01:49+00:00,BBCNews,Danish police free manhunt suspects in death threat case https://t.co/PGCF8fAMv4,-0.7506,0.174,0.316,0.511,-64
65,2018-09-29 18:23:23+00:00,BBCNews,Man Utd: Decision to be made after West Ham defeat - Rio Ferdinand https://t.co/vQGEbFHhuS,-0.4588,0.0,0.8,0.2,-65
66,2018-09-29 17:23:20+00:00,BBCNews,Lindsay Lohan under fire for 'bizarre' Instagram video https://t.co/gM0YwedtyS,-0.34,0.0,0.769,0.231,-66
67,2018-09-29 16:57:30+00:00,BBCNews,Madeleine McCann's father describes the 'terror' of her disappearance https://t.co/xZEYP6xYKq,0.0,0.0,1.0,0.0,-67
68,2018-09-29 16:57:02+00:00,BBCNews,RT @bbcweather: A quick look at tonight &amp; tomorrow in 60 seconds. For the longer version and more detail for where you live click here http‚Ä¶,0.0,0.0,1.0,0.0,-68
69,2018-09-29 16:56:38+00:00,BBCNews,"RT @BBCSport: ""There will be conversations.""

There are ""big decisions"" to make at Man Utd.

More: https://t.co/YBopdiBnTV https://t.co/uo5‚Ä¶",0.0,0.0,1.0,0.0,-69
70,2018-09-29 16:51:07+00:00,BBCNews,Hearts 2-1 St Johnstone: Unbeaten leaders remain five points clear https://t.co/0ojvh8Y9k4,0.3818,0.206,0.794,0.0,-70
71,2018-09-29 16:43:56+00:00,BBCNews,Huddersfield Town 0-2 Tottenham Hotspur: Harry Kane double downs winless Terriers https://t.co/0hl3HMoUcF,0.0,0.0,1.0,0.0,-71
72,2018-09-29 16:14:52+00:00,BBCNews,Manchester City 2-0 Brighton: City beat visitors to go top of table https://t.co/GMsCebNpYn,0.2023,0.13,0.87,0.0,-72
73,2018-09-29 16:02:23+00:00,BBCNews,Indonesia tsunami: Aftershocks rock Palu day after disaster https://t.co/dbH2Q07FMl,-0.6249,0.0,0.661,0.339,-73
74,2018-09-29 15:52:49+00:00,BBCNews,"RT @ChrisMasonBBC: Here comes the apology: a Conservative Party spokesman said: ""The technical issue has been resolved and the app is now f‚Ä¶",0.5574,0.228,0.772,0.0,-74
75,2018-09-29 15:23:38+00:00,BBCNews,Ryder Cup: Europe extend lead over US to 8-4 after Saturday fourballs in France https://t.co/7uOOO9rSsW,0.1779,0.108,0.892,0.0,-75
76,2018-09-29 15:15:35+00:00,BBCNews,"More than half of the world's killer whales could be wiped out by man-made chemicals, scientists say‚Ä¶ https://t.co/w73IGTRxOC",-0.6486,0.0,0.798,0.202,-76
77,2018-09-29 15:11:59+00:00,BBCNews,"RT @BBCEngland: Benny the beluga whale is spending his fifth day in the Thames but appears to be healthy and swimming normally, the Port of‚Ä¶",0.5499,0.129,0.871,0.0,-77
78,2018-09-29 15:11:01+00:00,BBCNews,RT @ChrisMasonBBC: The Information Commissioner‚Äôs Office reacts to the Conservative Conference app data breach #cpc18 https://t.co/i8YTapYp‚Ä¶,0.0,0.0,1.0,0.0,-78
79,2018-09-29 14:58:42+00:00,BBCNews,"RT @BBCNewsbeat: ""I don't think he'll ever forget it""
Fair play, @everton for surprising this fan with with Down's syndrome üôå https://t.co/‚Ä¶",0.7597,0.345,0.586,0.07,-79
80,2018-09-29 14:48:42+00:00,BBCNews,Brexit: UK 'would forever regret' losing carmakers - minister https://t.co/8ZDq4Uw2Zc,-0.6597,0.0,0.565,0.435,-80
81,2018-09-29 14:22:23+00:00,BBCNews,Conservative Party conference app reveals MP's numbers https://t.co/nNKW5MduUP,0.4019,0.278,0.722,0.0,-81
82,2018-09-29 13:34:41+00:00,BBCNews,Thames whale: 'Watch Benny from shore' fans urged https://t.co/VhEXLoHxmG,0.0,0.0,1.0,0.0,-82
83,2018-09-29 13:18:56+00:00,BBCNews,Double murder probe after two women die in Hadlow https://t.co/M202mdiaAH,-0.8625,0.0,0.482,0.518,-83
84,2018-09-29 12:34:29+00:00,BBCNews,"RT @bbcouch: This is 19-year-old rapper Kitch. He has a stutter when he talks, but it normally disappears when he's performing. Watch what‚Ä¶",-0.5574,0.0,0.813,0.187,-84
85,2018-09-29 12:34:02+00:00,BBCNews,Police Scotland anti-independence tweet deleted https://t.co/GEygIkRmmd,0.0,0.0,1.0,0.0,-85
86,2018-09-29 12:26:29+00:00,BBCNews,Deptford road crash: Cyclist dies https://t.co/cmREnR737i,-0.4019,0.0,0.649,0.351,-86
87,2018-09-29 12:25:19+00:00,BBCNews,"RT @BBCScotlandNews: Police tweet declaring ""I am tired of the SNP still going on about"" a second independence referendum is posted and has‚Ä¶",-0.4404,0.0,0.879,0.121,-87
88,2018-09-29 12:19:43+00:00,BBCNews,PC and two men attacked by dogs in Leeds garden https://t.co/brbfv4QW55,-0.4588,0.0,0.769,0.231,-88
89,2018-09-29 11:47:02+00:00,BBCNews,"üöÄüåö ""I'd be a terrible astronaut"" - It's safe to say @RyanGosling will stick to acting after his latest film with di‚Ä¶ https://t.co/CNPzSFg5KU",-0.0516,0.116,0.76,0.124,-89
90,2018-09-29 11:20:42+00:00,BBCNews,"Chicken-lover? This could be an eye-opener... üêîüçóüç¥

Watch in full: https://t.co/rKcR2d2LuR https://t.co/5BvlS19JOy",0.0,0.0,1.0,0.0,-90
91,2018-09-29 10:12:07+00:00,BBCNews,Actress Claire Foy reveals struggles with anxiety https://t.co/TQkkmnQpfc,-0.4939,0.0,0.588,0.412,-91
92,2018-09-29 10:04:09+00:00,BBCNews,In pictures: Tsunami devastation in Sulawesi https://t.co/qn8Qt7Mgfo,-0.4215,0.0,0.682,0.318,-92
93,2018-09-29 09:35:38+00:00,BBCNews,RT @BBCWorld: In pictures: Tsunami devastation in Sulawesi https://t.co/Kqe9Z3uJ72,-0.4215,0.0,0.741,0.259,-93
94,2018-09-29 09:18:48+00:00,BBCNews,RT @BBCFergusWalsh: EpiPen users told they can use some devices past normal expiry date https://t.co/2m9bROen3o,0.0,0.0,1.0,0.0,-94
95,2018-09-29 09:15:53+00:00,BBCNews,"RT @BBCWorld: The woman who challenged US senator Flake in a lift: ""He had to confront the pain and rage that women feel""
(Tap to expand)
h‚Ä¶",-0.8402,0.0,0.688,0.312,-95
96,2018-09-29 09:14:35+00:00,BBCNews,Brexit: Tory MP Heidi Allen would back another referendum https://t.co/JucYqbNcms,0.0,0.0,1.0,0.0,-96
97,2018-09-29 09:07:08+00:00,BBCNews,"""Fair play to him"" üòÜ https://t.co/gpyKB9tdG6",0.5719,0.61,0.39,0.0,-97
98,2018-09-29 07:34:18+00:00,BBCNews,RT @BBCBreaking: At least 384 people now known to have died after an earthquake and tsunami hit a coastal Indonesian city https://t.co/IprV‚Ä¶,-0.5574,0.0,0.847,0.153,-98
99,2018-09-29 07:31:21+00:00,BBCNews,Jefferson Airplane's Marty Balin dies aged 76 https://t.co/6pp9b23BoO,0.0,0.0,1.0,0.0,-99
100,2018-10-01 00:30:01+00:00,CBSNews,"The documentary ""Love, Gilda"" recalls the beloved comedian Gilda Radner's all-too-brief life https://t.co/XID3K6umIB https://t.co/48Wn32IuTD",0.7096,0.33,0.67,0.0,0
101,2018-09-30 23:59:51+00:00,CBSNews,"More than a year after Hurricane Maria made landfall, Puerto Rico still has a backlog of dead bodies ‚Äì some of whic‚Ä¶ https://t.co/0K6wWmyKDe",-0.6486,0.0,0.815,0.185,-1
102,2018-09-30 23:40:01+00:00,CBSNews,"Only about 20-percent of adults with hearing loss actually use hearing aids, but advances in technology and a new l‚Ä¶ https://t.co/ItiWSn6rxy",-0.1655,0.0,0.92,0.08,-2
103,2018-09-30 23:20:01+00:00,CBSNews,"Sen. Amy Klobuchar says Kavanaugh's history of ""excessive drinking"" relevant to FBI investigation‚Ä¶ https://t.co/vx6uaxfXGW",0.0,0.0,1.0,0.0,-3
104,2018-09-30 23:00:00+00:00,CBSNews,The FBI's investigation into Brett Kavanaugh's sexual assault allegation will be much different than his six prior‚Ä¶ https://t.co/FZzhRaoSub,-0.5859,0.0,0.817,0.183,-4
105,2018-09-30 22:39:43+00:00,CBSNews,"Death toll from devastating Indonesia earthquake and tsunami surges to over 800, with officials fearing it will ris‚Ä¶ https://t.co/V1pm1knLMY",-0.9169,0.0,0.573,0.427,-5
106,2018-09-30 22:09:44+00:00,CBSNews,"Tonight, @PaulMcCartney  is profiled for the first time on @60Minutes . He gets candid with @Sharyn_Alfonsi  about‚Ä¶ https://t.co/BjBUA55bJn",0.0,0.0,1.0,0.0,-6
107,2018-09-30 21:39:37+00:00,CBSNews,"It was one of the deadliest natural disasters in American history. Now, its people are faced with the heart-wrenchi‚Ä¶ https://t.co/y3zs3p1w3G",-0.2732,0.104,0.747,0.149,-7
108,2018-09-30 21:34:51+00:00,CBSNews,"RT @CBSThisMorning: He co-founded @Apple then set up his own academy, but is @SteveWoz‚Äôs new program misleading its students? 

A @CBSThisM‚Ä¶",-0.5499,0.0,0.843,0.157,-8
109,2018-09-30 21:09:48+00:00,CBSNews,"Dr. Christine Blasey Ford hasn't heard from FBI agents investigating Kavanaugh claims, despite multiple attempts to‚Ä¶ https://t.co/cok4RDLysL",0.0,0.0,1.0,0.0,-9
110,2018-09-30 20:39:53+00:00,CBSNews,"Tonight, on the season premiere of @60Minutes : Jailed doctor who prescribed opioids says he's a scapegoat, victim'‚Ä¶ https://t.co/M3KnEJQkrx",-0.7096,0.0,0.718,0.282,-10
111,2018-09-30 20:25:19+00:00,CBSNews,"RT @60Minutes: As we start Season 51 of 60 Minutes, we remain committed to investigations and in-depth reporting, but along the way, we'll‚Ä¶",0.1406,0.066,0.934,0.0,-11
112,2018-09-30 20:01:34+00:00,CBSNews,Behind the scenes of Jeff Flake's decision to call for an FBI probe into Kavanaugh allegations‚Ä¶ https://t.co/T75WMHufcC,0.0,0.0,1.0,0.0,-12
113,2018-09-30 19:19:38+00:00,CBSNews,"After performing on ""Saturday Night Live"" in a Make America Great Again hat, Kanye West reaffirmed his support for‚Ä¶ https://t.co/4CwssdtxqP",0.7783,0.286,0.714,0.0,-13
114,2018-09-30 18:40:12+00:00,CBSNews,"Iranian leaders have for years doubted whether the Holocaust happened. On @FaceTheNation, Iranian Foreign Minister‚Ä¶ https://t.co/ObFFqSfFfj",-0.2732,0.0,0.877,0.123,-14
115,2018-09-30 18:19:55+00:00,CBSNews,White House counselor Kellyanne Conway says she is a victim of sexual assault https://t.co/Qb5F2lRtxk https://t.co/2qimlLhc1b,-0.7096,0.0,0.67,0.33,-15
116,2018-09-30 17:59:54+00:00,CBSNews,".@johndickerson on Washington's wrenching week with the Kavanaugh and Ford hearings: 

""There is more anguish to co‚Ä¶ https://t.co/G1qDzjLVyB",-0.6361,0.0,0.802,0.198,-16
117,2018-09-30 17:29:41+00:00,CBSNews,Riding the rails. Dancing with wolves. Flying with eagles. Here's what you'll see on the 51st season of @60Minutes‚Ä¶ https://t.co/xibxGxL4tG,0.0,0.0,1.0,0.0,-17
118,2018-09-30 16:59:37+00:00,CBSNews,"""Boofed,"" ""Devil's Triangle,"" ""FFFFFFourth of July"": How Brett Kavanaugh explained his yearbook jokes‚Ä¶ https://t.co/DJFUYJ2C1E",0.0,0.0,1.0,0.0,-18
119,2018-09-30 16:19:37+00:00,CBSNews,Europe wins Ryder Cup over talented U.S. team to reclaim title https://t.co/NgJMARv7xh https://t.co/mixGu28F33,0.7906,0.389,0.611,0.0,-19
120,2018-09-30 15:59:43+00:00,CBSNews,How the FBI will investigate the Brett Kavanaugh allegations https://t.co/kM440YeZNU https://t.co/M3vDe3mKU1,0.0,0.0,1.0,0.0,-20
121,2018-09-30 15:31:27+00:00,CBSNews,"Iranian Foreign Minister Javad Zarif tells @FaceTheNation that President Trump is a ""bully"": ""The United States is‚Ä¶ https://t.co/8v5x3pqYHU",0.4215,0.149,0.851,0.0,-21
122,2018-09-30 14:59:48+00:00,CBSNews,"John Dickerson on partisanship in the Kavanaugh/Ford hearings: ""At the end of this drama, there will be no winners""‚Ä¶ https://t.co/oia0cWatpw",-0.296,0.0,0.896,0.104,-22
123,2018-09-30 14:52:23+00:00,CBSNews,Sen. Amy Klobuchar tells @FaceTheNation that Brett Kavanaugh's drinking habits are relevant to the FBI's investigat‚Ä¶ https://t.co/6xt53KLRBh,0.0,0.0,1.0,0.0,-23
124,2018-09-30 14:49:53+00:00,CBSNews,A @48Hours investigation into one murder leads into the dark web and to the disruption of four potential murder-for‚Ä¶ https://t.co/HlfPqPtdrd,-0.802,0.0,0.702,0.298,-24
125,2018-09-30 14:44:58+00:00,CBSNews,"Sen. Tom Cotton says on @FaceTheNation that Christine Blasey Ford has been ""victimized by the Democrats"" in the han‚Ä¶ https://t.co/Ov8KODEBRn",-0.4215,0.0,0.872,0.128,-25
126,2018-09-30 14:40:10+00:00,CBSNews,"Sen. Tom Cotton tells @facethenation: ""The Democrats have disgraced this process and the United States Senate in th‚Ä¶ https://t.co/oI02g3Em2b",-0.0516,0.123,0.746,0.132,-26
127,2018-09-30 14:29:36+00:00,CBSNews,".@FaceTheNation starts now. This week's guests include @SenAmyKlobuchar, @SenTomCotton and @JZarif‚Ä¶ https://t.co/zu7iqUXOWJ",0.0,0.0,1.0,0.0,-27
128,2018-09-30 14:21:11+00:00,CBSNews,RT @60Minutes: What did Senate Judiciary Committee members think of Judge Brett Kavanaugh's emotional testimony? Republican Jeff Flake and‚Ä¶,0.1531,0.082,0.918,0.0,-28
129,2018-09-30 14:19:40+00:00,CBSNews,Catholic institute accused of failing to act on McCarrick allegations https://t.co/J0jDFFR8C4 https://t.co/KjySCxd8kw,-0.6705,0.0,0.645,0.355,-29
130,2018-09-30 14:01:41+00:00,CBSNews,"RT @CBSSunday: EXCLUSIVE: CNN founder Ted Turner says he is battling Lewy body dementia, a progressive brain disorder which affects memory‚Ä¶",-0.3751,0.093,0.707,0.2,-30
131,2018-09-30 13:59:50+00:00,CBSNews,"Tens of thousands of women in Brazil say ""not him"" in protest against far-right presidential candidate‚Ä¶ https://t.co/AyG5yzR1Nh",0.1877,0.098,0.902,0.0,-31
132,2018-09-30 13:39:42+00:00,CBSNews,"Senate panel refers unidentified individual's ""apparent false statements"" about Kavanaugh for criminal investigation https://t.co/18qixewp9X",-0.5267,0.0,0.793,0.207,-32
133,2018-09-30 13:19:51+00:00,CBSNews,Thousands of panicked people stampeded out of NYC's Global Citizen Festival Saturday night after confusing the soun‚Ä¶ https://t.co/Sx1z2jldpw,-0.1779,0.139,0.649,0.212,-33
134,2018-09-30 13:03:04+00:00,CBSNews,"""Boofed,"" ""Devil's Triangle,"" ""FFFFFFourth of July"": How Brett Kavanaugh explained his yearbook jokes‚Ä¶ https://t.co/lz22ReLWnH",0.0,0.0,1.0,0.0,-34
135,2018-09-30 12:48:04+00:00,CBSNews,Pentagon's top enlisted service member suspended amid misconduct probe https://t.co/MWjY9FHTxf https://t.co/qgwfzVSw8g,-0.3182,0.129,0.647,0.223,-35
136,2018-09-30 12:33:04+00:00,CBSNews,National Guardsmen waved van around barricade blocking flooded road before 2 drowned https://t.co/p6FCW1mWa4 https://t.co/XYSyTpZ8SX,-0.7579,0.0,0.629,0.371,-36
137,2018-09-30 12:18:03+00:00,CBSNews,"GoFundMe campaigns for Christine Blasey Ford raise over $700,000 combined https://t.co/NArWgZFlTq https://t.co/KZpyn1ZTbu",0.0,0.0,1.0,0.0,-37
138,2018-09-30 12:03:03+00:00,CBSNews,"""We still have a rape culture,"" says mother of sexual assault survivor Chessy Prout https://t.co/2pPSTjisne https://t.co/w63HGIH5WD",-0.7906,0.109,0.522,0.37,-38
139,2018-09-30 11:48:03+00:00,CBSNews,"Honda recall: Rear cameras and airbags lead to recall of Accord, Insight, Acura models https://t.co/tCUMkAOkKs https://t.co/chTGJSXFiE",0.0,0.0,1.0,0.0,-39
140,2018-09-30 11:33:04+00:00,CBSNews,"Kavanaugh lawyer says accuser's lie detector test, therapist notes not turned over https://t.co/dwh8KdmOhw https://t.co/H6MzdpaqTf",0.0,0.0,1.0,0.0,-40
141,2018-09-30 11:18:04+00:00,CBSNews,Former Massachusetts state senator found dead before his corruption trial https://t.co/T121cdzMFP https://t.co/YIVDyHqPfM,-0.6486,0.0,0.719,0.281,-41
142,2018-09-30 11:03:04+00:00,CBSNews,"Cedric the Entertainer talks race in ""The Neighborhood"" https://t.co/D9HNWCH4LW https://t.co/ya3Vo7DaMF",0.3818,0.224,0.776,0.0,-42
143,2018-09-30 10:48:04+00:00,CBSNews,Behind the scenes of Jeff Flake's decision to call for an FBI probe into Kavanaugh allegations‚Ä¶ https://t.co/78OjHbNSOC,0.0,0.0,1.0,0.0,-43
144,2018-09-30 10:33:03+00:00,CBSNews,Iran airs video of close encounter with USS Theodore Roosevelt in Strait of Hormuz https://t.co/aWizH80wAB https://t.co/D9U7mHNdZY,0.0,0.0,1.0,0.0,-44
145,2018-09-30 10:18:03+00:00,CBSNews,Inside the tiny green huts that shelter London's cab drivers https://t.co/suf7Iv1DYg https://t.co/UkuvX9MlNV,0.0,0.0,1.0,0.0,-45
146,2018-09-30 10:03:04+00:00,CBSNews,"Trump signs short-term spending bill, averting shutdown ahead of midterms https://t.co/8xL3E2PcWg https://t.co/J8ZaLNO6H8",0.0,0.0,1.0,0.0,-46
147,2018-09-30 09:48:03+00:00,CBSNews,"Klobuchar says if she acted like Kavanaugh in his courtroom, ""he would have thrown me out"" https://t.co/OByMexBhON https://t.co/eWUS14ns93",0.3612,0.128,0.872,0.0,-47
148,2018-09-30 09:33:03+00:00,CBSNews,"A year after shooting, Vegas voters see strengthened community https://t.co/T21rhnJKvp https://t.co/fkCxWHvMEE",0.4215,0.237,0.763,0.0,-48
149,2018-09-30 09:18:03+00:00,CBSNews,U.S. evacuates consulate in southern Iraq following attacks blamed on Iran-backed militias https://t.co/Dk5oTPu552 https://t.co/fWlGdvWKsn,-0.7184,0.0,0.667,0.333,-49
150,2018-09-30 09:03:03+00:00,CBSNews,"Ariana Grande and original stars Idina Menzel and Kristin Chenoweth to lead NBC's ""Wicked"" concert‚Ä¶ https://t.co/nQyMyuuldH",0.3182,0.133,0.867,0.0,-50
151,2018-09-30 08:48:04+00:00,CBSNews,F-35B military plane crashes in coastal South Carolina https://t.co/H7ZxBQM8CT https://t.co/Z9J8ouA02H,0.0,0.0,1.0,0.0,-51
152,2018-09-30 08:33:04+00:00,CBSNews,"Shark attacks teen at beach in Encinitas, California https://t.co/WP29ZNsvzM https://t.co/Wf6tBlMun7",-0.4404,0.0,0.756,0.244,-52
153,2018-09-30 08:18:03+00:00,CBSNews,"Review: Orson Welles' final film, ""The Other Side of the Wind"" https://t.co/wmYHWr1C8t https://t.co/QG7rlMLJUa",0.0,0.0,1.0,0.0,-53
154,2018-09-30 08:03:03+00:00,CBSNews,"U.S. kids eating more fast food, healthier offerings not helping https://t.co/8weXEyQ3FY https://t.co/YyEVAxhoIx",-0.2235,0.0,0.854,0.146,-54
155,2018-09-30 07:48:03+00:00,CBSNews,"Experts identify model in scandalous painting ""The Origin of the World"" https://t.co/CisipWn9AC https://t.co/63w2uMpd58",-0.5267,0.0,0.779,0.221,-55
156,2018-09-30 07:33:03+00:00,CBSNews,High schoolers sound off on Kavanaugh allegations and sexual assault https://t.co/iq7BF8A00J https://t.co/BPYx7JTzhe,-0.5859,0.0,0.743,0.257,-56
157,2018-09-30 07:18:04+00:00,CBSNews,"Michelle Obama urges voters to ""take their power back"" at registration rally https://t.co/WuFRcCsbxE https://t.co/616mljrm4x",0.0,0.0,1.0,0.0,-57
158,2018-09-30 07:03:04+00:00,CBSNews,Airline now says one passenger is missing after Micronesia lagoon plane crash https://t.co/nq0EJVZx9F https://t.co/9oF0Qm3n4P,-0.5994,0.0,0.71,0.29,-58
159,2018-09-30 06:48:03+00:00,CBSNews,Judge's ruling enables Kentucky's last abortion clinic to stay open https://t.co/2IMnkMZ735 https://t.co/G5vitpmPA1,0.0,0.0,1.0,0.0,-59
160,2018-09-30 06:33:04+00:00,CBSNews,"Wrongfully convicted Chicago residents recall life under corrupt cop and his ""gang"" https://t.co/lRNU6RpBkH https://t.co/lL5OtTtZ2W",0.0,0.0,1.0,0.0,-60
161,2018-09-30 06:18:04+00:00,CBSNews,Texas man executed for running over girlfriend in jealous rage https://t.co/7NUDe5sOLd https://t.co/z8dTau3n3R,-0.765,0.0,0.602,0.398,-61
162,2018-09-30 06:03:03+00:00,CBSNews,"Federal judge cites Trump's alleged ""sh*thole countries"" remark https://t.co/v0HO7uc32H https://t.co/IsmyrI2xaj",0.0,0.0,1.0,0.0,-62
163,2018-09-30 05:48:03+00:00,CBSNews,Possible last witness sought after body found believed to be missing boy with autism https://t.co/bTAXR9Ko4p https://t.co/MMCpRGWHx8,-0.296,0.0,0.872,0.128,-63
164,2018-09-30 05:33:03+00:00,CBSNews,"Prominent business leader shot dead in Memphis; ""personal vendetta"" eyed https://t.co/aOPiqUY9Mt https://t.co/s04YJHLQrN",-0.4588,0.139,0.602,0.259,-64
165,2018-09-30 05:18:03+00:00,CBSNews,Body of skydiving instructor who disappeared during tandem jump is found https://t.co/Ke53CxXEGY https://t.co/OvGul0tO3V,-0.2263,0.0,0.863,0.137,-65
166,2018-09-30 05:03:03+00:00,CBSNews,The Dish: Indian chef Anita Jaisinghani https://t.co/5TKmntjZcp https://t.co/8wnrwJNYiR,0.0,0.0,1.0,0.0,-66
167,2018-09-30 04:48:03+00:00,CBSNews,Jesuit order's America magazine urges withdrawal of Kavanaugh nomination https://t.co/aY8II5jPrv https://t.co/YxTJJrBvi9,0.0258,0.099,0.901,0.0,-67
168,2018-09-30 04:33:03+00:00,CBSNews,More than 20 million people watched Brett Kavanaugh and Christine Blasey Ford hearings https://t.co/0PJyulVTwV https://t.co/WuQJYLG3vg,0.0,0.0,1.0,0.0,-68
169,2018-09-30 04:24:05+00:00,CBSNews,"Tens of thousands of women in Brazil say ""not him"" in protest against far-right presidential candidate‚Ä¶ https://t.co/gtodcwDeFb",0.1877,0.098,0.902,0.0,-69
170,2018-09-30 04:18:03+00:00,CBSNews,"PCBs threaten to wipe out half the world's killer whales within decades, study finds https://t.co/o5hWtyfqgD https://t.co/iRDvZ3RsA1",-0.7845,0.0,0.67,0.33,-70
171,2018-09-30 04:03:03+00:00,CBSNews,Pope Francis defrocks Chilean priest Fernando Karadima amid sex abuse scandal https://t.co/jMez7NJ80H https://t.co/bj0XCuQCqt,-0.7964,0.0,0.608,0.392,-71
172,2018-09-30 03:48:03+00:00,CBSNews,Brett Kavanaugh's attack on Democrats could pose risk to Supreme Court https://t.co/gFRPCDyVvD https://t.co/BuNP8Eu5Z8,-0.1531,0.191,0.532,0.277,-72
173,2018-09-30 03:40:06+00:00,CBSNews,"Chaos, stampede at Central Park concert after false alarm of gunshots https://t.co/TH3HZ9r8aM https://t.co/1EeDkFVikH",-0.836,0.0,0.529,0.471,-73
174,2018-09-30 03:33:04+00:00,CBSNews,Man diagnosed with world's first human case of rat disease hepatitis E https://t.co/e8CyGS4zR8 https://t.co/K8QpbNILGO,0.0,0.0,1.0,0.0,-74
175,2018-09-30 03:18:05+00:00,CBSNews,"Marty Balin, founder of Jefferson Airplane, dies at 76 https://t.co/CH8G3AifLs https://t.co/mEVbDnX9P9",0.0,0.0,1.0,0.0,-75
176,2018-09-30 03:03:03+00:00,CBSNews,Mike Pompeo floats prospect of officially ending Korean War ahead of Trump-Kim summit https://t.co/mR07iIohKB https://t.co/WSrKFEcg0X,-0.4019,0.115,0.681,0.204,-76
177,2018-09-30 02:58:06+00:00,CBSNews,"Senate panel refers ""apparent false statements"" about Kavanaugh for criminal investigation https://t.co/yQKCfOlb6c https://t.co/kzZWpoZaU4",-0.5267,0.0,0.779,0.221,-77
178,2018-09-30 02:48:03+00:00,CBSNews,"See Tom Hanks as Mister Rogers in ""You Are My Friend"" https://t.co/nxKfa4SEqw https://t.co/maTKtcbFra",0.4939,0.211,0.789,0.0,-78
179,2018-09-30 02:33:03+00:00,CBSNews,"""Boofed,"" ""Devil's Triangle,"" ""FFFFFFourth of July"": How Brett Kavanaugh explained his yearbook jokes‚Ä¶ https://t.co/6GPupziMFH",0.0,0.0,1.0,0.0,-79
180,2018-09-30 02:18:03+00:00,CBSNews,2 Mississippi officers shot to death; wounded suspect in custody https://t.co/9VwOGd8jIY https://t.co/zUFi0x2WeN,-0.7269,0.0,0.596,0.404,-80
181,2018-09-30 02:03:05+00:00,CBSNews,Behind the scenes of Jeff Flake's decision to call for an FBI probe into Kavanaugh allegations‚Ä¶ https://t.co/zlvwA3IyF8,0.0,0.0,1.0,0.0,-81
182,2018-09-30 01:56:05+00:00,CBSNews,How the FBI will investigate the Brett Kavanaugh allegations https://t.co/mewe8JBOFW https://t.co/A5wmRhmbqn,0.0,0.0,1.0,0.0,-82
183,2018-09-30 01:48:03+00:00,CBSNews,Kavanaugh's chances? Online markets offer a perspective on his nomination https://t.co/QjphBD8w0g https://t.co/6RPmVdW7vX,0.2023,0.153,0.847,0.0,-83
184,2018-09-30 01:33:04+00:00,CBSNews,Indonesia earthquake kills hundreds as quake triggers 20-foot-high tsunami waves https://t.co/oXaZaqxch6 https://t.co/XgSjuXFTVo,-0.5423,0.0,0.759,0.241,-84
185,2018-09-30 01:18:03+00:00,CBSNews,Video shows fight before fatal shooting of LSU basketball player Wayde Sims https://t.co/iNeuhNud2n https://t.co/CqdfFyyYZw,-0.7269,0.0,0.663,0.337,-85
186,2018-09-30 01:03:04+00:00,CBSNews,Library of Congress launches online National Screening Room https://t.co/goFKD3N48W https://t.co/kTPZOe7Jla,0.0,0.0,1.0,0.0,-86
187,2018-09-30 00:48:03+00:00,CBSNews,Ted Turner reveals he's battling Lewy body dementia in exclusive interview https://t.co/h888oIdOoI https://t.co/vQwCVdA0gU,-0.1531,0.103,0.753,0.144,-87
188,2018-09-30 00:45:12+00:00,CBSNews,"President Trump campaigned at a rally in West Virginia, where the vulnerable Democratic senator is a key swing vote‚Ä¶ https://t.co/6XT3CVnJQs",-0.2263,0.0,0.899,0.101,-88
189,2018-09-30 00:33:03+00:00,CBSNews,Brett Kavanaugh wrongly claimed he could drink legally in Maryland in high school https://t.co/Jabxe8HEWA https://t.co/i9ZyEhl7FC,0.1027,0.091,0.909,0.0,-89
190,2018-09-30 00:18:03+00:00,CBSNews,$3 billion Hoover Dam project hopes to bring power plant into 21st century https://t.co/EfUg3MjROs https://t.co/OYZdPO6NtF,0.4215,0.167,0.833,0.0,-90
191,2018-09-30 00:03:03+00:00,CBSNews,"Jenni ""JWoww"" Farley files for divorce, husband Roger Mathews says he's going to win her back‚Ä¶ https://t.co/UeWt4xa9Al",0.5859,0.192,0.808,0.0,-91
192,2018-09-29 23:48:04+00:00,CBSNews,Surveillance video shows deadly ambush of rapper XXXTentacion in Florida https://t.co/jmxWIpJd5F https://t.co/moxHj7or8s,0.0,0.0,1.0,0.0,-92
193,2018-09-29 23:44:05+00:00,CBSNews,Catholic institute accused of failing to act on McCarrick allegations https://t.co/1w5tjZ6D2m https://t.co/cz5OUvBZRF,-0.6705,0.0,0.645,0.355,-93
194,2018-09-29 23:33:03+00:00,CBSNews,"West Virginia poverty gets worse under Trump economy, not better https://t.co/KQGRVOv2Eb https://t.co/fioTWM3Ztf",-0.8319,0.0,0.505,0.495,-94
195,2018-09-29 23:18:03+00:00,CBSNews,Christine Blasey Ford's friend clarifies statement about alleged assault by Brett Kavanaugh https://t.co/qVQMrOXFLV https://t.co/eLLb5I6i73,0.0772,0.256,0.553,0.191,-95
196,2018-09-29 23:03:03+00:00,CBSNews,Iran airs video of close encounter with USS Theodore Roosevelt in Strait of Hormuz https://t.co/a4VgiauMzT https://t.co/zxHPCXA1qF,0.0,0.0,1.0,0.0,-96
197,2018-09-29 22:19:51+00:00,CBSNews,"Michelle Obama urges voters to ""take their power back"" at registration rally https://t.co/ahbqwzLJio https://t.co/lPqSuH99Ug",0.0,0.0,1.0,0.0,-97
198,2018-09-29 22:00:30+00:00,CBSNews,A 5-year-old California kindergartener suffers from violent seizures. So her parents turned to an unlikely treatmen‚Ä¶ https://t.co/zUoDKv0ExH,-0.7906,0.0,0.667,0.333,-98
199,2018-09-29 21:49:45+00:00,CBSNews,"JUST IN: Elon Musk to step down as chair of Tesla board, settles with SEC for $20 million https://t.co/Kc3MnRpR0n https://t.co/nh5EiL4EkB",0.0,0.0,1.0,0.0,-99
200,2018-10-01 00:31:09+00:00,CNN,"Three things the FBI must investigate on Christine Blasey Ford and Brett Kavanaugh | By Elie Honig, a former federa‚Ä¶ https://t.co/C3ka95qY6t",0.0,0.0,1.0,0.0,0
201,2018-10-01 00:16:00+00:00,CNN,"Called ""The Passion Diamond Shoes"", these gold and diamond-encrusted stilettos are believed to be the world's most‚Ä¶ https://t.co/ntPG40twkD",0.6597,0.252,0.748,0.0,-1
202,2018-10-01 00:01:05+00:00,CNN,This is how the FBI will investigate the allegations against Brett Kavanaugh https://t.co/ApyXUk74Nn https://t.co/dyPwiXneXk,0.0,0.0,1.0,0.0,-2
203,2018-09-30 23:46:00+00:00,CNN,"She learned to swim at age 50 and now has 271 medals. Oh, and she's blind. https://t.co/sSLpHYEdqC https://t.co/Bz9StsH4js",-0.4019,0.0,0.863,0.137,-3
204,2018-09-30 23:31:03+00:00,CNN,"Women calling NFL games is progress, ""but I don't feel warm and fuzzy about this news. And I'm far from ready to de‚Ä¶ https://t.co/hib7OiLKBH",0.4855,0.19,0.737,0.074,-4
205,2018-09-30 23:21:00+00:00,CNN,"Democratic Sen. Amy Klobuchar: I was ""really stunned"" by Supreme Court nominee Brett Kavanaugh's behavior at the he‚Ä¶ https://t.co/TZh3vYYy93",0.4889,0.179,0.742,0.079,-5
206,2018-09-30 23:16:00+00:00,CNN,"""What is... yes?"" A ""Jeopardy!"" contestant surprised his girlfriend with a marriage proposal https://t.co/65FSnOx2Jc https://t.co/WLgdeE9Tiz",0.2942,0.154,0.846,0.0,-6
207,2018-09-30 23:01:04+00:00,CNN,"In her most pointed comments to date about allegations of harassment at CBS, Katie Couric said reports about the ne‚Ä¶ https://t.co/HbGII2PrGZ",-0.5423,0.0,0.851,0.149,-7
208,2018-09-30 22:51:06+00:00,CNN,Kim is playing Trump -- and it could come at great cost | By Samantha Vinograd via @CNNOpinion‚Ä¶ https://t.co/N59OQktAVC,0.7096,0.269,0.731,0.0,-8
209,2018-09-30 22:46:06+00:00,CNN,"Three new startups are pushing back against the rise of ""news deserts"" and the pitfalls facing local journalism to‚Ä¶ https://t.co/zyiV6McNUV",0.0,0.0,1.0,0.0,-9
210,2018-09-30 22:41:01+00:00,CNN,The Florida Senate race may be moving away from Republican Rick Scott | Analysis by CNN's Harry Enten‚Ä¶ https://t.co/dGA2GJbg60,0.0,0.0,1.0,0.0,-10
211,2018-09-30 22:37:06+00:00,CNN,"Companies headquartered in California can no longer have all-male boards, according to a newly enacted law.

Public‚Ä¶ https://t.co/AhfJhSbDD7",-0.296,0.0,0.879,0.121,-11
212,2018-09-30 22:31:03+00:00,CNN,"""The 'Saturday Night Live' season premiere proves that when it comes to powerful men being accused of sexual miscon‚Ä¶ https://t.co/OPAoxGgBkh",0.1531,0.122,0.783,0.096,-12
213,2018-09-30 22:26:06+00:00,CNN,"Blood is not thicker than politics.

That's the message from seven members of Nevada Republican gubernatorial nomin‚Ä¶ https://t.co/tUGSLBkjPO",0.0,0.0,1.0,0.0,-13
214,2018-09-30 22:21:06+00:00,CNN,"While much of America is focused on combating the devastating opioid epidemic, some states struggle against another‚Ä¶ https://t.co/qI9hdGQkhy",-0.6124,0.107,0.62,0.273,-14
215,2018-09-30 22:16:00+00:00,CNN,"President Trump says Brett Kavanaugh has ""suffered the meanness, the anger"" of the Democratic Party throughout his‚Ä¶ https://t.co/tL1bhg0hKB",-0.6369,0.11,0.61,0.28,-15
216,2018-09-30 22:09:08+00:00,CNN,"The FBI spoke today with Deborah Ramirez, who says Supreme Court nominee Brett Kavanaugh exposed himself to her, a‚Ä¶ https://t.co/wMkHnZFpGc",0.5106,0.157,0.786,0.057,-16
217,2018-09-30 22:01:07+00:00,CNN,"The elevator moment: when to speak up, when to stay quiet, and the power of both | By CNN's Suzanne Malveaux‚Ä¶ https://t.co/WkEB9RTW0Q",0.0,0.0,1.0,0.0,-17
218,2018-09-30 21:46:05+00:00,CNN,Former FBI Director James Comey expressed his approval of the reopening of the bureau's background check into Supre‚Ä¶ https://t.co/iALME3kvdT,0.4767,0.147,0.853,0.0,-18
219,2018-09-30 21:36:08+00:00,CNN,"""I'm a keg-half-full kind of guy,"" says Matt Damon, spoofing US Supreme Court nominee Brett Kavanaugh during the se‚Ä¶ https://t.co/eNSWMkQou5",0.5574,0.167,0.833,0.0,-19
220,2018-09-30 21:31:00+00:00,CNN,"""It's time for women to go to Washington and fix our broken government, and that includes a woman at the top."" Sen.‚Ä¶ https://t.co/XuLUpa3ZDL",-0.4767,0.0,0.871,0.129,-20
221,2018-09-30 21:16:06+00:00,CNN,UK Prime Minister Theresa May announced plans to hold a nationwide festival in 2022 to celebrate Britain's schedule‚Ä¶ https://t.co/VfraoKRQNl,0.7845,0.301,0.699,0.0,-21
222,2018-09-30 21:01:08+00:00,CNN,Europe wins the #RyderCup after beating the US in France https://t.co/thLG8RQbfF https://t.co/AXdEipTvgw,0.1779,0.222,0.599,0.18,-22
223,2018-09-30 20:46:06+00:00,CNN,"""This week's dramatic -- and traumatic -- Senate hearing ... demonstrated that society and its leaders silence wome‚Ä¶ https://t.co/PVCbseAzNl",-0.5719,0.0,0.829,0.171,-23
224,2018-09-30 20:31:03+00:00,CNN,"Several states have enacted laws addressing the use of force by police officers, amid increasing reports of overrea‚Ä¶ https://t.co/dsiNziBmDM",0.0,0.0,1.0,0.0,-24
225,2018-09-30 20:16:05+00:00,CNN,"Egyptian activist Amal Fathy was sentenced to two years in prison for ""publishing false news"" and ""slandering emplo‚Ä¶ https://t.co/kVN1zhs1Ho",-0.5267,0.0,0.794,0.206,-25
226,2018-09-30 20:02:10+00:00,CNN,"Food worth singing about. Travel to Asturias, Spain on an all-new #PartsUnknown with #Bourdain and @chefjoseandres,‚Ä¶ https://t.co/hjEjrmbRq7",0.2263,0.106,0.894,0.0,-26
227,2018-09-30 19:46:04+00:00,CNN,President Trump's immigration policies have especially affected women and domestic violence victims‚Ä¶ https://t.co/5KP9HvDu6G,-0.7178,0.0,0.647,0.353,-27
228,2018-09-30 19:30:54+00:00,CNN,RT @CNNPolitics: Kellyanne Conway says that support for Brett Kavanaugh remains high amid the sexual assault allegations against him https:‚Ä¶,-0.2732,0.11,0.735,0.155,-28
229,2018-09-30 19:29:30+00:00,CNN,Kellyanne Conway says she is empathetic toward victims of sexual assault https://t.co/a2S1aBzr9Q,-0.5267,0.152,0.506,0.343,-29
230,2018-09-30 19:16:05+00:00,CNN,"While President Trump declared Saturday that the FBI would have ""free rein"" in its investigation, people close to t‚Ä¶ https://t.co/5UtPaKCHEs",0.5106,0.148,0.852,0.0,-30
231,2018-09-30 19:01:04+00:00,CNN,The Senate Judiciary Committee refers a false Brett Kavanaugh allegation to the FBI and Justice Department for crim‚Ä¶ https://t.co/1jvHeMhhRm,0.5267,0.167,0.833,0.0,-31
232,2018-09-30 18:46:09+00:00,CNN,Donald Trump's flip-flop on two-state solution won't resolve Israeli-Palestinian conflict | Analysis by CNN's Nic R‚Ä¶ https://t.co/UgUJKTNUml,0.2681,0.219,0.669,0.112,-32
233,2018-09-30 18:31:06+00:00,CNN,"Country music legend Willie Nelson sang a new song, ""Vote 'Em Out,"" at a Texas rally for Senate candidate Beto O'Ro‚Ä¶ https://t.co/gPWI8zO2xW",0.0,0.0,1.0,0.0,-33
234,2018-09-30 18:19:07+00:00,CNN,RT @CNNPolitics: In this week's #InsidePolitics forecast: All roads lead to Rod Rosenstein https://t.co/BCcjiNE0Op https://t.co/cKFb6aYh7v,0.0,0.0,1.0,0.0,-34
235,2018-09-30 18:16:08+00:00,CNN,"Sarah Palin's oldest son, Track Palin, was arrested Friday on domestic violence charges, Alaska State Troopers said‚Ä¶ https://t.co/MhbuWp349j",-0.8519,0.0,0.617,0.383,-35
236,2018-09-30 18:11:53+00:00,CNN,"President Trump says Brett Kavanaugh has ""suffered the meanness, the anger"" of the Democratic Party throughout his‚Ä¶ https://t.co/UBjv69SCDJ",-0.6369,0.11,0.61,0.28,-36
237,2018-09-30 18:01:07+00:00,CNN,The US Navy sailed a warship close to disputed islands in the South China Sea amid heightened US-China tensions‚Ä¶ https://t.co/YcoR5OkeLs,-0.4767,0.0,0.806,0.194,-37
238,2018-09-30 17:46:00+00:00,CNN,"Democratic Sen. Amy Klobuchar: I was ""really stunned"" by Supreme Court nominee Brett Kavanaugh's behavior at the he‚Ä¶ https://t.co/aEm7oUnjCB",0.4889,0.179,0.742,0.079,-38
239,2018-09-30 17:31:00+00:00,CNN,"""It's time for women to go to Washington and fix our broken government, and that includes a woman at the top.""  Sen‚Ä¶ https://t.co/1ikBU6X0PU",-0.4767,0.0,0.871,0.129,-39
240,2018-09-30 17:16:02+00:00,CNN,"""I wouldn't wish it even on my worst enemy."" Immigrant moms write letters from detention, saying that even after be‚Ä¶ https://t.co/wvFmBCc6Zw",-0.8342,0.0,0.67,0.33,-40
241,2018-09-30 17:01:04+00:00,CNN,Can UK PM Theresa May avert another conference catastrophe? | By Jane Merrick via @CNNOpinion‚Ä¶ https://t.co/qmZ37b83B7,-0.7269,0.0,0.681,0.319,-41
242,2018-09-30 16:46:04+00:00,CNN,"An air traffic controller is being hailed as a hero following a devastating earthquake and tsunami in Indonesia.

H‚Ä¶ https://t.co/SSL5H2Kusm",0.0516,0.222,0.605,0.173,-42
243,2018-09-30 16:31:04+00:00,CNN,"The next big test for Elon Musk arrives this week, when Tesla will turn in a critical production report‚Ä¶ https://t.co/nXflCh1AZ6",-0.3182,0.0,0.887,0.113,-43
244,2018-09-30 16:25:01+00:00,CNN,"RT @CNNPolitics: Democratic Sen. Amy Klobuchar: I was ""really stunned"" by Supreme Court nominee Brett Kavanaugh's behavior at the hearing h‚Ä¶",0.4889,0.164,0.764,0.072,-44
245,2018-09-30 16:16:37+00:00,CNN,"Kellyanne Conway, counselor to President Trump, said the FBI investigation into allegations against Supreme Court n‚Ä¶ https://t.co/hezy9IkD0O",0.5574,0.184,0.816,0.0,-45
246,2018-09-30 16:04:57+00:00,CNN,"RT @ReliableSources: ""Our understanding of sexual violence against women and the trauma ‚Äîthe lifelong trauma‚Äî that ensues ... has not progr‚Ä¶",-0.7845,0.0,0.734,0.266,-46
247,2018-09-30 16:03:02+00:00,CNN,"RT @CNNSotu: Next on #CNNSOTU w/ @JakeTapper at 12pET &amp; 9aPT: @KellyannePolls, @AmyKlobuchar, @chavezlinda, @ninaturner, @JenGranholm, @JCN‚Ä¶",0.0,0.0,1.0,0.0,-47
248,2018-09-30 16:01:07+00:00,CNN,"""Saturday Night Live"" credits began to roll, but musical guest Kanye West still had plenty to say. The rapper went‚Ä¶ https://t.co/pDOSumrCUo",0.1901,0.08,0.92,0.0,-48
249,2018-09-30 15:46:04+00:00,CNN,"Trump is right that China uses its media to influence foreign opinion, but so does Washington | Analysis by James G‚Ä¶ https://t.co/K4dqjixUBt",0.0,0.0,1.0,0.0,-49
250,2018-09-30 15:44:37+00:00,CNN,"RT @ReliableSources: ""I felt like I was watching my country slip,"" says American Conservative Union chair @mschlapp of what it felt like to‚Ä¶",0.6124,0.2,0.8,0.0,-50
251,2018-09-30 15:31:06+00:00,CNN,AI robots are transforming parenting in China https://t.co/vrhrnsvXSp https://t.co/fv1RlGHR0O,0.0,0.0,1.0,0.0,-51
252,2018-09-30 15:24:58+00:00,CNN,"""Saturday Night Live"" kicked off its season premiere with a sketch about the hearing of US Supreme Court nominee Br‚Ä¶ https://t.co/08OxBaS9te",0.5574,0.159,0.841,0.0,-52
253,2018-09-30 15:14:53+00:00,CNN,A long-lost warship has been discovered off the coast of China after an extensive hunt to track down relics from a‚Ä¶ https://t.co/t6rdGPyYKz,-0.1779,0.0,0.922,0.078,-53
254,2018-09-30 15:01:10+00:00,CNN,"A dog lost part of her skull to cancer, so researchers 3D-printed a plate to replace it https://t.co/suDPdcWial https://t.co/xrqS85YYSS",-0.7717,0.0,0.691,0.309,-54
255,2018-09-30 15:01:00+00:00,CNN,"A woman who's paralyzed from the chest down can now consciously control her ability to walk, researchers say, thank‚Ä¶ https://t.co/rch2Swd9FV",0.3182,0.113,0.887,0.0,-55
256,2018-09-30 14:46:06+00:00,CNN,A health crisis turned this Trump voter into a Democrat supporter https://t.co/Z43KopDLvS https://t.co/e1WZH75601,-0.4588,0.138,0.592,0.27,-56
257,2018-09-30 14:31:06+00:00,CNN,"He was the only one in his family to survive the Holocaust, and he's pushing Oregon state legislators to mandate th‚Ä¶ https://t.co/F8XjNOmJKQ",0.0,0.0,1.0,0.0,-57
258,2018-09-30 14:31:00+00:00,CNN,"They are the most glorious vessels on the seven seas, but how is a luxury superyacht made? https://t.co/VSMIUz5YVo https://t.co/Me4QQVvJHg",0.4111,0.139,0.861,0.0,-58
259,2018-09-30 14:16:06+00:00,CNN,"It took a fight in court, but a 5-year-old girl will be allowed to bring her cannabis-based medicine to school and‚Ä¶ https://t.co/HKIDe3Razt",-0.2023,0.0,0.913,0.087,-59
260,2018-09-30 14:00:44+00:00,CNN,"The heroin epidemic may be making headlines; but in many states, meth is still the dominant drug. @lisaling embeds‚Ä¶ https://t.co/8O6IPIT7yX",-0.2732,0.0,0.9,0.1,-60
261,2018-09-30 13:46:07+00:00,CNN,"If Brett Kavanaugh were a woman, his tears during his testimony ""would likely be dismissed as overwrought, even hys‚Ä¶ https://t.co/DNL01pqgpR",-0.2263,0.0,0.905,0.095,-61
262,2018-09-30 13:31:00+00:00,CNN,"""What is... yes?"" A ""Jeopardy!"" contestant surprised his girlfriend with a marriage proposal https://t.co/tey6M73f73 https://t.co/bwZTYkoQ8h",0.2942,0.154,0.846,0.0,-62
263,2018-09-30 13:16:36+00:00,CNN,This is the prison where Bill Cosby is being held https://t.co/ucssyCFfbL https://t.co/7kM7f0mx9s,-0.5106,0.0,0.769,0.231,-63
264,2018-09-30 13:01:02+00:00,CNN,"A Mediterranean diet -- rich in vegetables, fruits, nuts and fish -- could help lower a person's risk of depression‚Ä¶ https://t.co/G1sT64tB1E",0.1779,0.234,0.52,0.245,-64
265,2018-09-30 12:46:25+00:00,CNN,4-year-old Florence didn't like sharing her name with a bad hurricane. So she did something about it.‚Ä¶ https://t.co/S5XIKicfp3,-0.7871,0.0,0.638,0.362,-65
266,2018-09-30 12:31:00+00:00,CNN,"She learned to swim at age 50 and now has 271 medals. Oh, and she's blind. https://t.co/6aE9Zg2ZTD https://t.co/fTGItv946T",-0.4019,0.0,0.863,0.137,-66
267,2018-09-30 12:16:07+00:00,CNN,"An estimated 80,000 Americans died of flu and its complications last winter, the CDC says, making it the deadliest‚Ä¶ https://t.co/9IqB6Jfuse",-0.7351,0.0,0.744,0.256,-67
268,2018-09-30 12:01:04+00:00,CNN,"A newly discovered dinosaur species that's believed to have weighed 26,000 pounds was the largest land animal of it‚Ä¶ https://t.co/1XcUqqPMm1",0.0,0.0,1.0,0.0,-68
269,2018-09-30 11:46:06+00:00,CNN,Obamacare is likely about to get a little cheaper for lots of people https://t.co/EqAzpXK2dQ,0.0,0.0,1.0,0.0,-69
270,2018-09-30 11:31:00+00:00,CNN,A long-lost warship has been discovered off the coast of China after an extensive hunt to track down relics from fr‚Ä¶ https://t.co/dzx9xZrQy2,-0.1779,0.0,0.922,0.078,-70
271,2018-09-30 11:01:02+00:00,CNN,Shockwaves from the massive bombing raids during World War II reached the edge of space and weakened the Earth's up‚Ä¶ https://t.co/dVrUhyzUbz,-0.7003,0.055,0.703,0.242,-71
272,2018-09-30 10:31:00+00:00,CNN,Watch a rare gulper eel change its shape right before your eyes -- a unique method it uses to intimidate predators‚Ä¶ https://t.co/gypABygBOJ,-0.2023,0.0,0.913,0.087,-72
273,2018-09-30 10:01:00+00:00,CNN,This Ohio town celebrated Christmas a few months early this year for a 2-year-old with brain cancer‚Ä¶ https://t.co/TCdGAOqMjl,0.5719,0.198,0.802,0.0,-73
274,2018-09-30 09:46:06+00:00,CNN,"Researchers used a gene editing tool to wipe out a population of malaria-carrying mosquitoes in a lab, raising the‚Ä¶ https://t.co/ddZoVrNJpa",0.0,0.0,1.0,0.0,-74
275,2018-09-30 09:31:00+00:00,CNN,"Called ""The Passion Diamond Shoes"", these gold and diamond-encrusted stilettos are believed to be the world's most‚Ä¶ https://t.co/EKPsH2ugpG",0.6597,0.252,0.748,0.0,-75
276,2018-09-30 09:16:07+00:00,CNN,"'Distracted boyfriend' meme is sexist, says Swedish ad watchdog https://t.co/hAReDzarXw https://t.co/gz4wFeQYgr",-0.34,0.0,0.806,0.194,-76
277,2018-09-30 09:01:05+00:00,CNN,"Limiting kids' recreational screen time to less than 2 hours a day, along with sufficient sleep and physical activi‚Ä¶ https://t.co/5Wz1wYoid3",0.0,0.0,1.0,0.0,-77
278,2018-09-30 08:31:00+00:00,CNN,SiriusXM is buying Pandora in a $3.5 billion all-stock deal. The deal will create the world's largest audio enterta‚Ä¶ https://t.co/LRwNGnJu88,0.2732,0.104,0.896,0.0,-78
279,2018-09-30 08:01:04+00:00,CNN,Stepping into this Seoul cafe feels like entering the black-and-white world of a cartoon https://t.co/t5qCzejhyj vi‚Ä¶ https://t.co/G7flwx8rEm,0.3612,0.143,0.857,0.0,-79
280,2018-09-30 07:50:46+00:00,CNN,"The death toll from an earthquake and tsunami now exceeds 830 people,  Indonesian officials say.‚Ä¶ https://t.co/4qMtFf6m5O",-0.5994,0.0,0.794,0.206,-80
281,2018-09-30 07:31:00+00:00,CNN,Watch a seal slap a kayaker in the face -- with an octopus: https://t.co/o5zJ8GhVv8 https://t.co/44ucQCMCKB,0.1531,0.118,0.882,0.0,-81
282,2018-09-30 07:01:05+00:00,CNN,Cutting-edge research on an ancient mummy shows that Egyptians were embalming bodies in prehistoric times https://t.co/GIhkkA68XQ,0.0,0.0,1.0,0.0,-82
283,2018-09-30 06:31:00+00:00,CNN,"This 7-year-old girl wowed a crowd with a stunning rendition of the ""Star-Spangled Banner"" https://t.co/MzQnkXqx53",0.7351,0.36,0.64,0.0,-83
284,2018-09-30 06:01:07+00:00,CNN,"Scientists may have uncovered an entire new whale species that lived millions of years ago. 

Bones found at a land‚Ä¶ https://t.co/KaG3tJxcPs",0.0,0.0,1.0,0.0,-84
285,2018-09-30 05:46:05+00:00,CNN,"Days ago, residents in a community north of St. Louis got some news that they've long wanted to hear. Radioactive m‚Ä¶ https://t.co/swmxWH3MSH",0.0,0.0,1.0,0.0,-85
286,2018-09-30 05:31:00+00:00,CNN,Former presidential candidate Hillary Clinton made a surprise appearance in the first episode of the 'Murphy Brown'‚Ä¶ https://t.co/owLc7OvGKP,0.2732,0.116,0.884,0.0,-86
287,2018-09-30 05:16:05+00:00,CNN,Tom Hanks is ready to be your neighbor -- as Mister Rogers in an upcoming and as-yet-untitled film about the childr‚Ä¶ https://t.co/N6rKE63Iik,0.3612,0.106,0.894,0.0,-87
288,2018-09-30 05:01:00+00:00,CNN,300 glowing drones illuminate the night sky in this choreographed spectacle https://t.co/B2RhWXTnHV https://t.co/CjWifh0P0i,0.0,0.0,1.0,0.0,-88
289,2018-09-30 04:46:02+00:00,CNN,This custodian has been spreading kindness at Bristol University for more than 11 years so students at the school l‚Ä¶ https://t.co/PPINKQs66p,0.4588,0.13,0.87,0.0,-89
290,2018-09-30 04:31:00+00:00,CNN,Meet DJ Switch: A 10-year-old girl from Ghana who wants to be a gynecologist when she grows up. Erica Armah Bra-Bul‚Ä¶ https://t.co/xxBEDzxlD9,0.0,0.0,1.0,0.0,-90
291,2018-09-30 04:16:00+00:00,CNN,"What has two heads, is extremely rare and doesn't have a long life expectancy?

This two-headed baby copperhead, wh‚Ä¶ https://t.co/UmdU9G7kOj",0.0,0.0,1.0,0.0,-91
292,2018-09-30 04:01:04+00:00,CNN,"Ted Turner is battling Lewy body dementia, the CNN founder revealed in an interview that will air over the weekend‚Ä¶ https://t.co/mjUlSYrDlb",-0.2732,0.0,0.905,0.095,-92
293,2018-09-30 03:30:23+00:00,CNN,"The oldest known animal in the geological record has been identified, in a discovery that scientists are calling ""t‚Ä¶ https://t.co/s8adwFD2pS",0.0,0.0,1.0,0.0,-93
294,2018-09-30 03:00:06+00:00,CNN,Several Southern California high school students face disciplinary action after spelling out a racial slur with let‚Ä¶ https://t.co/2goay3zfXq,0.0,0.0,1.0,0.0,-94
295,2018-09-30 02:32:25+00:00,CNN,A long-lost warship has been discovered off the coast of China after an extensive hunt to track down relics from fr‚Ä¶ https://t.co/JCoIJmFVGv,-0.1779,0.0,0.922,0.078,-95
296,2018-09-30 02:00:13+00:00,CNN,"SiriusXM is buying Pandora in a $3.5 billion deal, which will create the world's largest audio entertainment compan‚Ä¶ https://t.co/mHXQZC5D4q",0.5994,0.234,0.766,0.0,-96
297,2018-09-30 01:00:08+00:00,CNN,Only these 8 states require sex education classes to mention consent https://t.co/joJ5Fkhkan https://t.co/3VmFDbGc5L,0.2263,0.147,0.853,0.0,-97
298,2018-09-30 00:31:16+00:00,CNN,Hillary Clinton made a surprise appearance in the first episode of the 'Murphy Brown' revival -- playing a woman in‚Ä¶ https://t.co/CaXmdL9s9b,0.4404,0.187,0.813,0.0,-98
299,2018-09-30 00:00:11+00:00,CNN,The attack on Facebook that exposed nearly 50 million users' information is the largest hack ever for the company‚Ä¶ https://t.co/T2vOGRm0Ry,-0.5267,0.0,0.804,0.196,-99
300,2018-10-01 00:18:08+00:00,FoxNews,".@BenShapiro: ""An FBI investigation was completely superfluous. It was a transparent attempt to waste time."" https://t.co/ShstAASGgE",-0.4215,0.0,0.833,0.167,0
301,2018-10-01 00:09:25+00:00,FoxNews,"Lindsay Lohan gets punched in the face after accusing refugee parents of trafficking, trying to take the kids. https://t.co/NnLJMQhAAL",-0.1779,0.0,0.914,0.086,-1
302,2018-10-01 00:00:00+00:00,FoxNews,"Inside the Kavanaugh confirmation! More on the impact, next steps, and what this means for America! Live special pr‚Ä¶ https://t.co/ExKnRMlceP",0.508,0.147,0.853,0.0,-2
303,2018-09-30 23:52:51+00:00,FoxNews,".@PressSec on if @POTUS will shutdown the government over wall funding: ""We'll have to wait and see what happens.""‚Ä¶ https://t.co/KRANAVZ59K",0.0,0.0,1.0,0.0,-3
304,2018-09-30 23:46:00+00:00,FoxNews,California woman reported missing while hiking in Kings Canyon National Park. https://t.co/Jn9ZXFkJMy,-0.296,0.0,0.833,0.167,-4
305,2018-09-30 23:38:00+00:00,FoxNews,"Supreme Court kicks off term without 9th justice, as Kavanaugh vote nears. https://t.co/VpqsgxzBEs",0.2081,0.207,0.633,0.16,-5
306,2018-09-30 23:27:21+00:00,FoxNews,".@Comey blasts Kavanaugh probe deadline, says FBI shouldn't have 'shot clock' https://t.co/dNDBCLkDtp",0.0,0.0,1.0,0.0,-6
307,2018-09-30 23:18:03+00:00,FoxNews,North Korean dictator Kim Jong Un gifts two Pungsan puppies to South Korean President Moon. https://t.co/8RQ4aSLe9z,0.0,0.0,1.0,0.0,-7
308,2018-09-30 23:15:55+00:00,FoxNews,U.S. and Canadian trade negotiators appear to have reached a deal on NAFTA. https://t.co/S2au7dtKCX,0.1027,0.104,0.896,0.0,-8
309,2018-09-30 23:11:42+00:00,FoxNews,Syria's foreign minister is calling on refugees to return to the war-torn country. @TreyYingst reports.‚Ä¶ https://t.co/H2f1dsBJQF,0.0,0.0,1.0,0.0,-9
310,2018-09-30 23:05:00+00:00,FoxNews,"Reporter's Notebook: Amid Kavanaugh drama, Trump quietly signs bill to avert government shutdown https://t.co/wl3aHl8D3M",-0.1779,0.0,0.884,0.116,-10
311,2018-09-30 22:56:23+00:00,FoxNews,".@AndrewGillum staffer fired after calling for Trump's execution, wearing shirt deriding pro-Trump states. https://t.co/oTBcGCLqVj",-0.7269,0.0,0.663,0.337,-11
312,2018-09-30 22:45:00+00:00,FoxNews,Trump's tax returns will be target of Democrats' probe if they win House in midterms. https://t.co/X3t6B4gsI3,0.5859,0.202,0.798,0.0,-12
313,2018-09-30 22:37:26+00:00,FoxNews,Sen. @maziehirono doesn't answer when asked whether Dems leaked Christine Ford's letter on Kavanaugh. https://t.co/O9UyPjx8mt,-0.3182,0.0,0.859,0.141,-13
314,2018-09-30 22:21:27+00:00,FoxNews,At least 800 are dead after a massive earthquake triggered a tsunami in Indonesia. https://t.co/EXMIqGXg90 https://t.co/q5sCPwiMLz,-0.6486,0.0,0.751,0.249,-14
315,2018-09-30 22:11:00+00:00,FoxNews,"TONIGHT: @benshapiro breaks down the Kavanaugh accusations, the hearings and D.C. hypocrisy on the second edition o‚Ä¶ https://t.co/iohDuUvm3Y",-0.3182,0.0,0.881,0.119,-15
316,2018-09-30 22:05:00+00:00,FoxNews,"On Twitter late Saturday, @SenFeinstein said the ""FBI's hands must not be tied"" in the investigation into sexual mi‚Ä¶ https://t.co/mw0t62c3ly",0.0,0.0,1.0,0.0,-16
317,2018-09-30 21:59:45+00:00,FoxNews,California man arrested in 17-year-old Arizona cold case murder. https://t.co/7e5RQ4suIS,-0.8316,0.0,0.506,0.494,-17
318,2018-09-30 21:41:12+00:00,FoxNews,Former Vice President @JoeBiden speaks at a Democratic campaign event in Rhode Island. (Courtesy: WPRI) https://t.co/WRRTRx5mvU,0.0,0.0,1.0,0.0,-18
319,2018-09-30 21:32:37+00:00,FoxNews,.@NewtGingrich: Blue wave of liberal cash from California and New York flooding Georgia governor's race. (via‚Ä¶ https://t.co/daol8S9Tsr,0.0,0.0,1.0,0.0,-19
320,2018-09-30 21:22:16+00:00,FoxNews,"Florida man arrested after he shoots dog with pellet rifle from balcony, cops say.
https://t.co/q4sylWiNIc",-0.4767,0.0,0.819,0.181,-20
321,2018-09-30 21:05:00+00:00,FoxNews,"'Be Bold in Your Conviction': KY Gov. @MattBevin Discusses Campaign Strategy on 'Life, Liberty &amp; Levin' https://t.co/Dw94Jas7vE",0.7184,0.286,0.714,0.0,-21
322,2018-09-30 20:58:32+00:00,FoxNews,UPDATE: Three men killed in Pennsylvania car explosion https://t.co/ra0m9ys58L,-0.6705,0.0,0.64,0.36,-22
323,2018-09-30 20:51:00+00:00,FoxNews,'Heroic' TSA agent saves man having heart attack at airport. https://t.co/OnhUl8foep,-0.4767,0.0,0.763,0.237,-23
324,2018-09-30 20:43:00+00:00,FoxNews,"US ambassador accuses China of 'bullying' with 'propaganda ads'
https://t.co/wHGemLmgxh",-0.5267,0.0,0.645,0.355,-24
325,2018-09-30 20:35:00+00:00,FoxNews,"Sen. @TomCottonAR says @SenFeinstein will be investigated over leaked letter by Kavanaugh accuser.
https://t.co/1GBAnjxyF4",-0.3182,0.0,0.85,0.15,-25
326,2018-09-30 20:30:00+00:00,FoxNews,"Inside the Kavanaugh confirmation! More on the impact, next steps, and what this means for America! Live special pr‚Ä¶ https://t.co/pmMxpTxMNx",0.508,0.147,0.853,0.0,-26
327,2018-09-30 20:26:00+00:00,FoxNews,"Florida K-9 officer shot, killed chasing carjacking suspect.
https://t.co/RyFgcwjkRJ",-0.7717,0.0,0.511,0.489,-27
328,2018-09-30 20:16:01+00:00,FoxNews,"President @realDonaldTrump's new strategy 'is working,' Afghan leader says.
https://t.co/BZbnrwfxwp",0.0,0.0,1.0,0.0,-28
329,2018-09-30 20:06:11+00:00,FoxNews,North Carolina's first alligator hunt in 40 years to end without a kill. https://t.co/p1x7YfZkiM,0.5773,0.238,0.762,0.0,-29
330,2018-09-30 19:55:15+00:00,FoxNews,"Pakistan open to Afridi talks with US, foreign minister says.
https://t.co/50PAdcar1f",0.0,0.0,1.0,0.0,-30
331,2018-09-30 19:42:00+00:00,FoxNews,"Sen. @amyklobuchar says Trump administration cannot limit scope of the FBI's Kavanaugh investigation.
https://t.co/SBNT8WenaO",0.0,0.0,1.0,0.0,-31
332,2018-09-30 19:35:00+00:00,FoxNews,"TODAY: Don't miss Kentucky Gov. @MattBevin on ""Life, Liberty and Levin"" hosted by @marklevinshow. Tune in at 11p ET‚Ä¶ https://t.co/51LMJNSsnr",0.5919,0.212,0.788,0.0,-32
333,2018-09-30 19:26:09+00:00,FoxNews,".@PressSec on if the formal White House daily briefings will end: ""We talk to the press in a number of different wa‚Ä¶ https://t.co/2fcBpPkjcN",0.0772,0.058,0.942,0.0,-33
334,2018-09-30 19:19:09+00:00,FoxNews,".@PressSec on if @POTUS will shutdown the government over wall funding: ""We'll have to wait and see what happens."" https://t.co/zKNisvjiN5",0.0,0.0,1.0,0.0,-34
335,2018-09-30 19:14:22+00:00,FoxNews,".@PressSec: ""For the people that claim to champion women, Democrats have exploited Dr. Ford. They've exploited this‚Ä¶ https://t.co/ubf5fOcKLZ",-0.2732,0.157,0.602,0.241,-35
336,2018-09-30 19:10:22+00:00,FoxNews,".@PressSec on reports of administration dictating terms of Kavanaugh FBI investigation: ""The White House is not mic‚Ä¶ https://t.co/tFyDKjs1F6",0.0,0.0,1.0,0.0,-36
337,2018-09-30 18:55:47+00:00,FoxNews,"Disabled man, 60, fights to keep Pennsylvania home as community rallies to raise funds. https://t.co/REZy9s9TMI",-0.4019,0.0,0.838,0.162,-37
338,2018-09-30 18:30:00+00:00,FoxNews,"Elderly, 'feisty' white-cheeked Gibbon dies at the Smithsonian's National Zoo https://t.co/Sh9Btr4L4Z",0.0,0.0,1.0,0.0,-38
339,2018-09-30 18:15:00+00:00,FoxNews,".@LindseyGrahamSC rips Dems on Kavanaugh, says he'll 'get to the bottom of' FBI probe https://t.co/yewTiCbLaL https://t.co/Gr2LE5aid9",0.0,0.0,1.0,0.0,-39
340,2018-09-30 18:00:00+00:00,FoxNews,Deaths of 'zombie' raccoons continue in Central Park https://t.co/szgtWR8AjM,0.0,0.0,1.0,0.0,-40
341,2018-09-30 17:56:00+00:00,FoxNews,".@anitakumar01: ""They really do want Canada involved, and so that's why you're seeing them make this last-minute pu‚Ä¶ https://t.co/JdL2hMP12T",0.1477,0.081,0.919,0.0,-41
342,2018-09-30 17:50:01+00:00,FoxNews,Kellyanne Conway speaks out: 'I'm a victim of sexual assault' https://t.co/BMYXo1buiy,-0.7096,0.0,0.576,0.424,-42
343,2018-09-30 17:45:00+00:00,FoxNews,'Join Me in an Elevator Any Time': Flake Booed at Global Citizen Festival After Kavanaugh Hearing https://t.co/Hts0tS3q0E,0.6597,0.265,0.735,0.0,-43
344,2018-09-30 17:40:00+00:00,FoxNews,Jonathan Wachtel: ‚ÄúWe also have to make sure that we don‚Äôt alienate our ally because Saudi Arabia is on the front l‚Ä¶ https://t.co/qkIqFE08om,0.3182,0.095,0.905,0.0,-44
345,2018-09-30 17:30:00+00:00,FoxNews,Huge shark swims by scientists in Atlantic as they discover colorful new fish https://t.co/OYYQw9kPTk,0.3182,0.15,0.85,0.0,-45
346,2018-09-30 17:12:49+00:00,FoxNews,"Disabled man, 60, fights to keep Pennsylvania home as community rallies to raise funds https://t.co/REZy9s9TMI",-0.4019,0.0,0.838,0.162,-46
347,2018-09-30 17:00:00+00:00,FoxNews,"Christopher Scalia: ‚ÄúOn a general level, he wouldn‚Äôt be terribly surprised about the intensity surrounding this Sup‚Ä¶ https://t.co/fKu4Tujxyx",-0.4019,0.093,0.732,0.176,-47
348,2018-09-30 16:57:51+00:00,FoxNews,'A Profound Cultural Moment': @charliekirk11 Applauds Kanye West's Pro-Trump Speech on 'SNL' https://t.co/pvqgJX2C4x,0.34,0.167,0.833,0.0,-48
349,2018-09-30 16:40:18+00:00,FoxNews,.@CLewandowski_: ‚ÄúThis isn‚Äôt a victory for anybody.‚Äù #MediaBuzz https://t.co/N5JSobPN4m,0.0,0.0,1.0,0.0,-49
350,2018-09-30 16:30:00+00:00,FoxNews,'Where Is Your Integrity?' Pirro Rips Dems for 'Hypocrisy' in Kavanaugh Hearing https://t.co/ZjFBXNsQkR,0.0,0.0,1.0,0.0,-50
351,2018-09-30 16:25:00+00:00,FoxNews,"Inside the Kavanaugh confirmation! More on the impact, next steps, and what this means for America! Live special pr‚Ä¶ https://t.co/vLIIHAdJjm",0.508,0.147,0.853,0.0,-51
352,2018-09-30 16:15:00+00:00,FoxNews,".@LindseyGrahamSC rips Dems on Kavanaugh, says he'll 'get to the bottom of' FBI probe https://t.co/39N4uWDkD6",0.0,0.0,1.0,0.0,-52
353,2018-09-30 16:11:53+00:00,FoxNews,‚ÄòThey‚Äôve exploited this process‚Äô: @PressSec tells ‚Äò@FoxNewsSunday‚Äô the Democrats‚Äô handling of the Kavanaugh accusat‚Ä¶ https://t.co/UQvtjtXEr1,-0.4588,0.0,0.824,0.176,-53
354,2018-09-30 16:01:00+00:00,FoxNews,TODAY: Don't miss @PressSec's exclusive interview on @FoxNewsSunday. Tune in at 2p and 7p ET on Fox News Channel! https://t.co/1JG0SYM0ZU,0.0941,0.082,0.853,0.065,-54
355,2018-09-30 15:55:00+00:00,FoxNews,"Allentown, Pennsylvania, vehicle explosion leaves at least 1 dead, officials say https://t.co/y9r0rSF2q7",-0.6486,0.0,0.699,0.301,-55
356,2018-09-30 15:50:00+00:00,FoxNews,Peter Navarro: ‚ÄúPresident Donald J. Trump has very quietly been putting together the best performance on the econom‚Ä¶ https://t.co/ZGyHDVeJvd,0.6369,0.189,0.811,0.0,-56
357,2018-09-30 15:45:00+00:00,FoxNews,.@TGowdySC: ‚ÄúRod deserves to be heard out.‚Äù #SundayFutures @MariaBartiromo https://t.co/rtjUJ4qssL,0.0,0.0,1.0,0.0,-57
358,2018-09-30 15:31:00+00:00,FoxNews,US flag seen shredded by Hurricane Florence being auctioned for Red Cross https://t.co/CoDfGbUi08,0.0,0.0,1.0,0.0,-58
359,2018-09-30 15:12:13+00:00,FoxNews,".@LindseyGrahamSC: ‚ÄúI‚Äôm a bipartisan guy, I will continue to be. But when it comes to judicial nominees nominated b‚Ä¶ https://t.co/Gq7BJXWT3F",0.0,0.0,1.0,0.0,-59
360,2018-09-30 15:06:35+00:00,FoxNews,.@LindseyGrahamSC: ‚ÄúI‚Äôm highly confident he will be confirmed. He deserves to be confirmed.‚Äù #SundayFutures‚Ä¶ https://t.co/FLvE0VXlFJ,0.5413,0.2,0.8,0.0,-60
361,2018-09-30 15:00:01+00:00,FoxNews,.@FLOTUS departs for Africa Monday https://t.co/w527lNUdO8,0.0,0.0,1.0,0.0,-61
362,2018-09-30 14:52:51+00:00,FoxNews,".@LindseyGrahamSC: ‚ÄúI think I spoke in a way that a lot of Republicans, at least, could relate to.‚Äù #SundayFutures‚Ä¶ https://t.co/zWZzOlfjMz",0.0,0.0,1.0,0.0,-62
363,2018-09-30 14:45:00+00:00,FoxNews,.@GOPLeader: ‚ÄúHow do we equal the playing field? Results versus resistance.‚Äù #SundayFutures @MariaBartiromo https://t.co/FyIJY6Nna4,0.2023,0.122,0.878,0.0,-63
364,2018-09-30 14:35:01+00:00,FoxNews,New SCOTUS term starts tomorrow https://t.co/yA750dvbyl,0.0,0.0,1.0,0.0,-64
365,2018-09-30 14:20:22+00:00,FoxNews,"Tom Homan on @foxandfriends: ‚ÄúWhat is the downside in securing the border? There is no downside on this."" https://t.co/6qtvwyRu1H",-0.4404,0.098,0.638,0.264,-65
366,2018-09-30 14:13:26+00:00,FoxNews,.@GriffJenkins is live with the ‚ÄòFox News Update‚Äô on Facebook Watch: https://t.co/hNrB8xzepH https://t.co/c0RFDYcgtu,0.0,0.0,1.0,0.0,-66
367,2018-09-30 14:11:00+00:00,FoxNews,"TONIGHT: @benshapiro breaks down the Kavanaugh accusations, the hearings and D.C. hypocrisy on the second edition o‚Ä¶ https://t.co/EGvTZt7FzH",-0.3182,0.0,0.881,0.119,-67
368,2018-09-30 14:04:27+00:00,FoxNews,Tom Homan on @foxandfriends: ‚ÄúI know there‚Äôs a presumption of innocence in this country. That‚Äôs what the legal syst‚Ä¶ https://t.co/pnE397n5zb,0.4767,0.194,0.806,0.0,-68
369,2018-09-30 14:00:00+00:00,FoxNews,Dad charged after baby found crawling across New Jersey road https://t.co/I5WHAp4ArI,-0.2023,0.0,0.847,0.153,-69
370,2018-09-30 13:51:20+00:00,FoxNews,"RT @FoxNewsSunday: On potential meeting between President Trump and Deputy AG Rod Rosenstein, @PressSec tells Chris: A date for that hasn‚Äôt‚Ä¶",0.0,0.0,1.0,0.0,-70
371,2018-09-30 13:41:53+00:00,FoxNews,.@POTUS to hold rallies in four states this week https://t.co/f1OkDGaZb4,0.0,0.0,1.0,0.0,-71
372,2018-09-30 13:41:01+00:00,FoxNews,.@WVGovernor: ‚ÄúWe think he stands for all the right things. The stuff he‚Äôs doing for this nation is unbelievable.‚Äù‚Ä¶ https://t.co/bDSJbRhUT1,0.0,0.0,1.0,0.0,-72
373,2018-09-30 13:40:03+00:00,FoxNews,"RT @FoxNewsSunday: On FBI Investigation, @PressSec tells Chris: This can‚Äôt become a fishing expedition like the Democrats would like to see‚Ä¶",0.6124,0.217,0.783,0.0,-73
374,2018-09-30 13:37:52+00:00,FoxNews,"RT @FoxNewsSunday: On reports of the White House limiting FBI Investigation, @PressSec tells Chris: The White House is not micromanaging th‚Ä¶",0.0,0.0,1.0,0.0,-74
375,2018-09-30 13:30:02+00:00,FoxNews,Tunnel to Towers helps families of the fallen @foxandfriends https://t.co/w15THVGCev,0.0258,0.198,0.611,0.191,-75
376,2018-09-30 13:23:15+00:00,FoxNews,"RT @FoxNewsResearch: Supreme Court Firsts:
‚Ä¢Convened: Feb. 1, 1790
‚Ä¢Major legal decision: Chisholm v. Georgia (1793)
‚Ä¢Chief Justice: John J‚Ä¶",0.8176,0.333,0.667,0.0,-76
377,2018-09-30 13:21:30+00:00,FoxNews,RT @FoxNewsSunday: .@PressSec adds that the meeting could get pushed back another week given all that's happened with the #KavanaughConfirm‚Ä¶,0.0,0.0,1.0,0.0,-77
378,2018-09-30 13:17:00+00:00,FoxNews,Rudy Giuliani: ‚ÄúWe have to take care of the wounded and the fallen.‚Äù @foxandfriends https://t.co/MvgNzv616o,0.4939,0.186,0.814,0.0,-78
379,2018-09-30 13:16:13+00:00,FoxNews,"RT @FoxNewsSunday: On Trump/Rosenstein meeting, @PressSec tells Chris: A date for that hasn‚Äôt been set, it could be this week.",0.0,0.0,1.0,0.0,-79
380,2018-09-30 13:08:56+00:00,FoxNews,"RT @FoxNewsSunday: On FBI Investigation, @PressSec tells Chris: The Democrats have exploited Dr. Ford. #Kavanaugh",-0.4588,0.0,0.824,0.176,-80
381,2018-09-30 13:08:09+00:00,FoxNews,"RT @FoxNewsSunday: On FBI Investigation, @PressSec tells Chris: This can‚Äôt become a fishing expedition like the Democrats would like to see‚Ä¶",0.6124,0.217,0.783,0.0,-81
382,2018-09-30 13:08:01+00:00,FoxNews,"RT @FoxNewsSunday: On reports of limiting FBI Investigation, @PressSec tells Chris: The WH is not micromanaging this process.  The Senate i‚Ä¶",0.0,0.0,1.0,0.0,-82
383,2018-09-30 13:00:01+00:00,FoxNews,"TONIGHT: Don't miss Kentucky Gov. @MattBevin on ""Life, Liberty and Levin"" hosted by @marklevinshow. Tune in at 11p‚Ä¶ https://t.co/CrzhMi49Cu",0.5919,0.222,0.778,0.0,-83
384,2018-09-30 12:53:23+00:00,FoxNews,"US warship sails by contested island chain in South China Sea in message to Beijing, official says https://t.co/nNwYFbWrQx",-0.1779,0.0,0.909,0.091,-84
385,2018-09-30 12:30:00+00:00,FoxNews,"Kanye West delivers pro-Trump speech on 'Saturday Night Live,' receives boos from audience https://t.co/IgXXOYxHid",0.0,0.0,1.0,0.0,-85
386,2018-09-30 12:10:00+00:00,FoxNews,Tennessee State's Christion Abercrombie in critical condition after emergency surgery for head injury https://t.co/Q7qSPpRr7g,-0.7717,0.0,0.588,0.412,-86
387,2018-09-30 12:00:01+00:00,FoxNews,Andrew McCarthy: ‚ÄúThis investigation is not a trial.‚Äù @foxandfriends https://t.co/GQgxJgDFS7 https://t.co/ZANKjq4Ufv,0.0,0.0,1.0,0.0,-87
388,2018-09-30 11:35:00+00:00,FoxNews,Manuel Padilla Jr.: ‚ÄúWe just need the wall.‚Äù @foxandfriends https://t.co/au8gQOdNUW,0.0,0.0,1.0,0.0,-88
389,2018-09-30 11:15:00+00:00,FoxNews,Beto O'Rourke says passenger backs his claim of not fleeing after 1998 DUI crash https://t.co/dO6QX4ovZP,-0.4404,0.0,0.769,0.231,-89
390,2018-09-30 11:01:41+00:00,FoxNews,"Christopher Scalia: ‚ÄúOn a general level, he wouldn‚Äôt be terribly surprised about the intensity surrounding this Sup‚Ä¶ https://t.co/DdmovEJXN1",-0.4019,0.093,0.732,0.176,-90
391,2018-09-30 10:39:00+00:00,FoxNews,.@nedryun: ‚ÄúI am stunned at this behavior. We are just over a year removed from @SteveScalise and Republicans being‚Ä¶ https://t.co/uVQJLmEEMS,-0.1027,0.0,0.928,0.072,-91
392,2018-09-30 10:32:00+00:00,FoxNews,.@RCamposDuffy: ‚ÄúSo Matt Damon has millions of dollars to defend his name‚Ä¶but they‚Äôre gonna make fun of and critici‚Ä¶ https://t.co/osUkW6hgd9,0.5106,0.148,0.852,0.0,-92
393,2018-09-30 10:25:00+00:00,FoxNews,"Maxine Waters denies staffer leaked GOP senators' data, blasts 'dangerous lies' and 'conspiracy theories' https://t.co/wgr7Wg2AjS",-0.9246,0.0,0.41,0.59,-93
394,2018-09-30 10:15:00+00:00,FoxNews,Washington man gets prison for overharvesting sea cucumbers https://t.co/zx7hhdTHcs,-0.5106,0.0,0.708,0.292,-94
395,2018-09-30 10:08:00+00:00,FoxNews,Rep. Nancy Pelosi Calls Republicans 'Despicable' in Fundraising Email https://t.co/z3SG4ue2Ul,0.0,0.0,1.0,0.0,-95
396,2018-09-30 10:00:01+00:00,FoxNews,"President @realDonaldTrump addressed the FBI investigation into Judge Kavanaugh Saturday: ""Well, I think it's fine.‚Ä¶ https://t.co/MzNaxuVQcP",0.0,0.0,1.0,0.0,-96
397,2018-09-30 09:52:00+00:00,FoxNews,OPINION: Why is the Kavanaugh Supreme Court fight so vicious? Because government is too important https://t.co/NDCay9Dh7e,-0.1132,0.232,0.516,0.251,-97
398,2018-09-30 09:45:00+00:00,FoxNews,".@POTUS: ""America is winning again and America is respected again."" https://t.co/Hb6tsSw9Lg https://t.co/oHWP4VhOQq",0.7579,0.394,0.606,0.0,-98
399,2018-09-30 09:37:00+00:00,FoxNews,"Demi Lovato‚Äôs overdose sparked massive interest in Narcan, president says (via @FoxBusiness) https://t.co/XXffMHkho6",0.4588,0.2,0.8,0.0,-99
400,2018-10-01 00:30:10+00:00,nytimes,Lines for specialists at some Chinese hospitals are so long that patients start waiting hours before dawn. Scalpers‚Ä¶ https://t.co/dmaBTsxIxe,0.0,0.0,1.0,0.0,0
401,2018-10-01 00:21:17+00:00,nytimes,"Make good use of the last sweet, fat tomatoes of the year https://t.co/o0LFZ0P2Dr",0.7096,0.349,0.651,0.0,-1
402,2018-10-01 00:03:10+00:00,nytimes,"If there was a moment tailor-made for a new book about women and rage, it would be now. And Rebecca Traister, a col‚Ä¶ https://t.co/tUMiIBGhKE",-0.5574,0.0,0.847,0.153,-2
403,2018-09-30 23:46:33+00:00,nytimes,"""For the first time in my life, I was turning myself over to the know-how of my baby brother"" https://t.co/JG55AngeEt",0.0,0.0,1.0,0.0,-3
404,2018-09-30 23:30:31+00:00,nytimes,Review: A Slain Journalist‚Äôs Voice Resounds in ‚ÄòIntractable Woman‚Äô https://t.co/vcEh4TZSn0,0.0,0.0,1.0,0.0,-4
405,2018-09-30 23:30:08+00:00,nytimes,RT @nytimesbusiness: Elite colleges sit on billions of dollars in endowments but have expanded their undergrad enrollment very little. Mich‚Ä¶,0.0,0.0,1.0,0.0,-5
406,2018-09-30 23:26:41+00:00,nytimes,Trump Can‚Äôt Win the War on Demography https://t.co/npUmrTZtQD,-0.0258,0.277,0.438,0.285,-6
407,2018-09-30 23:19:31+00:00,nytimes,Indonesia Searches for Survivors Amid Destruction https://t.co/UhHnKjRbRF,-0.5719,0.0,0.619,0.381,-7
408,2018-09-30 23:15:23+00:00,nytimes,Scientists Surprised by Power of Indonesia Tsunami https://t.co/YwlnPbyllR,0.2263,0.213,0.787,0.0,-8
409,2018-09-30 23:14:39+00:00,nytimes,"""This is what ‚ÄúParallel Lives‚Äù will teach you: Intimacy is easy. Honesty is much harder."" https://t.co/J9ikv71W9Q",0.7269,0.303,0.697,0.0,-9
410,2018-09-30 22:57:23+00:00,nytimes,"A Yale classmate who socialized with Brett Kavanaugh in college says he often become ""belligerent and aggressive"" w‚Ä¶ https://t.co/0ZCAvPw75J",-0.1531,0.0,0.914,0.086,-10
411,2018-09-30 22:55:14+00:00,nytimes,What Men Should Know About #MeToo: It‚Äôs About Them https://t.co/RomG8NsU4K,0.0,0.0,1.0,0.0,-11
412,2018-09-30 22:47:22+00:00,nytimes,Meat Labs Pursue a Once-Impossible Goal: Kosher Bacon https://t.co/r9oilBYLE0,0.0,0.0,1.0,0.0,-12
413,2018-09-30 22:45:07+00:00,nytimes,"It may sound glamorous, but reporting on other people's hometowns around the world has its share of pitfalls. Times‚Ä¶ https://t.co/wDu56P2VKy",0.6059,0.216,0.784,0.0,-13
414,2018-09-30 22:30:02+00:00,nytimes,The Trump administration is making a major move to eliminate regulation of a highly toxic chemical emitted from coa‚Ä¶ https://t.co/GnPAQOs3vR,0.0,0.0,1.0,0.0,-14
415,2018-09-30 22:15:08+00:00,nytimes,"""The Simpsons"" is turning 30, and the Simpsons haven't aged a day. But they have evolved, as the culture has with t‚Ä¶ https://t.co/VJE53stIYL",0.0,0.0,1.0,0.0,-15
416,2018-09-30 22:00:06+00:00,nytimes,"The Mets may be suffering on the field, but that hasn't kept the team from attracting fans from all over the world,‚Ä¶ https://t.co/vO7B8pr0HO",0.4767,0.153,0.772,0.075,-16
417,2018-09-30 21:46:01+00:00,nytimes,"RT @NYTmag: ‚ÄúGary Keith and Ron,‚Äù the three Magi of Mets Nation, the best-in-class broadcast team, and the only thing Mets fans get to lord‚Ä¶",0.0,0.0,1.0,0.0,-17
418,2018-09-30 21:31:07+00:00,nytimes,"Lady Bunny, New York's Queen of Drag Queens, speaks: ""If all of these people are embracing drag, they need to get w‚Ä¶ https://t.co/bnz7MgQuim",-0.4215,0.0,0.847,0.153,-18
419,2018-09-30 21:16:24+00:00,nytimes,"New York needs to do better at dealing with intense rainstorms, officials said. So they've spent 3 years studying h‚Ä¶ https://t.co/MaWSadCjwh",0.4939,0.189,0.811,0.0,-19
420,2018-09-30 21:00:04+00:00,nytimes,"This extinct elephant bird that lived on the island of Madagascar may have weighed as much as 1,700 pounds https://t.co/D5RZFA1FXY",0.0,0.0,1.0,0.0,-20
421,2018-09-30 20:45:06+00:00,nytimes,RT @NYTSports ‚ÄúOur main goal was for the Redskins to make a safe working environment for the cheerleaders. But even‚Ä¶ https://t.co/KwMzTurBZt,0.6249,0.221,0.779,0.0,-21
422,2018-09-30 20:31:03+00:00,nytimes,Democrats have cast the initial list of 4 witnesses to be interviewed in the Kavanaugh FBI probe as not being enoug‚Ä¶ https://t.co/M8uKRRov9O,0.0,0.0,1.0,0.0,-22
423,2018-09-30 20:15:05+00:00,nytimes,Consulting firm McKinsey &amp; Company is advising Puerto Rico on financial reforms to lighten its $123 billion debt. B‚Ä¶ https://t.co/P5CS0qx4de,-0.3612,0.0,0.884,0.116,-23
424,2018-09-30 20:00:06+00:00,nytimes,"In the shadow of a titanic confirmation fight, the Supreme Court has assembled a cautious docket that steers clear‚Ä¶ https://t.co/FwO6e0440D",0.1531,0.159,0.664,0.177,-24
425,2018-09-30 19:49:19+00:00,nytimes,"""Night School"" steps over ""Smallfoot"" to reach Number One at the box office this weekend. https://t.co/2ATj1zFcZK",0.1027,0.146,0.854,0.0,-25
426,2018-09-30 19:29:44+00:00,nytimes,"RT @nytimesbooks: Books, replete with emotional depth and rich character development, are ripe for big screen interpretation. Here are 8 ti‚Ä¶",0.6369,0.224,0.776,0.0,-26
427,2018-09-30 19:13:08+00:00,nytimes,"In Opinion

James Comey writes of the Kavanaugh sexual assault investigation, ""Although the process is deeply flawe‚Ä¶ https://t.co/AaFQLgAe2t",-0.5859,0.0,0.817,0.183,-27
428,2018-09-30 19:00:05+00:00,nytimes,RT @nytpolitics: The Trump administration is claiming broad new authority to block access to abortions sought by undocumented immigrants un‚Ä¶,-0.3818,0.059,0.811,0.131,-28
429,2018-09-30 18:45:07+00:00,nytimes,"A referendum on voting rights for ex-felons could change Florida‚Äôs electorate, enfranchising more people than any s‚Ä¶ https://t.co/8922A6XRUy",0.0,0.0,1.0,0.0,-29
430,2018-09-30 18:45:07+00:00,nytimes,"A Sloan Kettering executive will give up his $1.4 million stake in a biotech start-up, as the hospital re-examines‚Ä¶ https://t.co/wQ2Kta2SSK",0.0,0.0,1.0,0.0,-30
431,2018-09-30 18:15:06+00:00,nytimes,"The traditional tattoos of Alaska's native peoples are being embraced by a new generation of indigenous women, who‚Ä¶ https://t.co/bEbKVFDF8K",0.0,0.0,1.0,0.0,-31
432,2018-09-30 18:00:05+00:00,nytimes,The NFL is trying to make football safer. So why are its players wearing less padding? https://t.co/QUxQo5MdBx,0.4215,0.149,0.851,0.0,-32
433,2018-09-30 17:45:05+00:00,nytimes,"""Every company thinks that opening doors and hiring women is the end goal,"" said one Japanese advocate for working‚Ä¶ https://t.co/uHgfkcA97p",0.0,0.0,1.0,0.0,-33
434,2018-09-30 17:31:06+00:00,nytimes,"RT @NYTMetro: The orchards of New York City are long gone, but there are plenty of apple trees, provided you‚Äôre not looking for Red Delicio‚Ä¶",0.0,0.0,1.0,0.0,-34
435,2018-09-30 17:15:10+00:00,nytimes,"Even as Sweetgreen and its wholesome salad chain brethren flourish, even compostable and recyclable containers are,‚Ä¶ https://t.co/R0q84E2hhL",0.0,0.0,1.0,0.0,-35
436,2018-09-30 17:00:07+00:00,nytimes,The big news from Kanye West on Saturday was supposed to be the release of his new album. But that's not what he ta‚Ä¶ https://t.co/1rP3eVwtyr,0.0,0.0,1.0,0.0,-36
437,2018-09-30 16:45:07+00:00,nytimes,"Senegal's majestic baobabs are like real-life giving trees, providing shade, gathering places, food ‚Äî even tombs. B‚Ä¶ https://t.co/WHKbSoj0sf",0.5994,0.246,0.754,0.0,-37
438,2018-09-30 16:29:06+00:00,nytimes,"In Opinion

Op-Ed contributor Timothy Keller writes, ""The historical Christian positions on social issues do not fi‚Ä¶ https://t.co/q2PN5lvP04",0.0,0.0,1.0,0.0,-38
439,2018-09-30 16:14:03+00:00,nytimes,"""I feel very empathetic, frankly, for victims of sexual assault and sexual harassment and rape,"" Kellyanne Conway s‚Ä¶ https://t.co/cOyehh7yND",-0.7655,0.108,0.544,0.348,-39
440,2018-09-30 15:57:03+00:00,nytimes,"The man holding the garage sale mentioned he was fundraising for a funeral. ""I said, 'Whose funeral?' And he said,‚Ä¶ https://t.co/KrBA7qR5ht",-0.3612,0.0,0.884,0.116,-40
441,2018-09-30 15:42:03+00:00,nytimes,"The tsunami and quake in Indonesia struck people preparing for a beach festival, collapsed a hotel full of competit‚Ä¶ https://t.co/nE0KUGamQ0",0.0258,0.143,0.673,0.184,-41
442,2018-09-30 15:28:22+00:00,nytimes,4 airlines ‚Äî¬†including Delta and American Airlines ‚Äî¬†are charging more for checked bags. But a few tricks can help‚Ä¶ https://t.co/nqHABI6f0u,-0.128,0.0,0.919,0.081,-42
443,2018-09-30 15:11:39+00:00,nytimes,"Europe defeated the United States in the Ryder Cup, avenging a 2016 loss and extending a 25-year winning streak at‚Ä¶ https://t.co/9tDPj6McSL",0.2023,0.233,0.564,0.203,-43
444,2018-09-30 15:00:15+00:00,nytimes,A wave of political assassinations within South Africa's A.N.C. party threaten the stability of hard-hit parts of t‚Ä¶ https://t.co/54WzcjLC3g,-0.5574,0.113,0.625,0.263,-44
445,2018-09-30 14:45:11+00:00,nytimes,Critics say the profusion of advertising/phone kiosks in London is an eyesore and an intrusion into public space. B‚Ä¶ https://t.co/IrTJ6OuRdh,-0.296,0.0,0.896,0.104,-45
446,2018-09-30 14:30:10+00:00,nytimes,Hundreds of migrant children are being woken in the middle of the night and taken to unregulated tent camps where t‚Ä¶ https://t.co/t4JzxWThMz,0.0,0.0,1.0,0.0,-46
447,2018-09-30 14:26:49+00:00,nytimes,"As Americans cram into ever-tighter urban apartments, a question has emerged: Isn‚Äôt there some better way to furnis‚Ä¶ https://t.co/smNbsEKrBQ",0.4404,0.146,0.854,0.0,-47
448,2018-09-30 14:15:57+00:00,nytimes,Daniel Te‚Äôo-Nesheim didn't have the most severe form of CTE. But he weathered about 100 concussions while playing f‚Ä¶ https://t.co/SSbK2vfExi,-0.2716,0.079,0.793,0.127,-48
449,2018-09-30 14:00:03+00:00,nytimes,"The booming housing market is slowing down. Years of breakneck price increases have outpaced wages, and buyers have‚Ä¶ https://t.co/ozn9xGbbO3",0.0,0.0,1.0,0.0,-49
450,2018-09-30 13:48:34+00:00,nytimes,"In many ways, the UK is in the same position it was on the morning after the 2016 Brexit referendum: without a clea‚Ä¶ https://t.co/bbNyf0TzSY",0.0,0.0,1.0,0.0,-50
451,2018-09-30 13:34:05+00:00,nytimes,"President Trump has said the FBI would have ""free rein"" to investigate allegations against Kavanaugh. But former cl‚Ä¶ https://t.co/ghjEKrvf7Z",0.5106,0.155,0.845,0.0,-51
452,2018-09-30 13:30:10+00:00,nytimes,"RT @nytimesarts: Kanye West dressed up as a bottle of Perrier on the Season 44 premiere of ""Saturday Night Live."" Later, things got really‚Ä¶",0.0,0.0,1.0,0.0,-52
453,2018-09-30 13:15:02+00:00,nytimes,"Robert Redford talks about what's next after saying ""The Old Man &amp; the Gun"" will not be his last film after all: ""I‚Ä¶ https://t.co/CXErseoPIH",-0.34,0.0,0.906,0.094,-53
454,2018-09-30 13:00:10+00:00,nytimes,"The Times fact-checked Brett Kavanaugh's hearing testimony about his drinking habits and whether friends had ""refut‚Ä¶ https://t.co/69TOuugE3I",0.4767,0.162,0.838,0.0,-54
455,2018-09-30 12:55:01+00:00,nytimes,"Bradley Cooper is very excited to finally reveal ""A Star Is Born."" But he isn't really excited to sit down and expl‚Ä¶ https://t.co/F66XJ2XtLB",0.6582,0.204,0.796,0.0,-55
456,2018-09-30 12:30:06+00:00,nytimes,"Organizers have announced a date for the 2019 Women's March, which will be held in Washington with sister demonstra‚Ä¶ https://t.co/ukJzMz60ha",0.0,0.0,1.0,0.0,-56
457,2018-09-30 12:00:13+00:00,nytimes,"Brett Kavanaugh‚Äôs testimony raised questions about his neutrality and temperament, threatening the already fragile‚Ä¶ https://t.co/Uk3BfPHFsl",-0.5267,0.0,0.805,0.195,-57
458,2018-09-30 11:30:09+00:00,nytimes,The invisible recession: A major economic event in 2016 escaped much public notice. But its impact was huge. https://t.co/6XShm4hIIZ,-0.128,0.109,0.758,0.133,-58
459,2018-09-30 11:21:00+00:00,nytimes,"Red Tide, Take Warning https://t.co/nPJsYnfwGg",-0.34,0.0,0.625,0.375,-59
460,2018-09-30 11:00:17+00:00,nytimes,A sleepless night and pressure from all sides: Inside the 24 hours that led Senator Jeff Flake to call to investiga‚Ä¶ https://t.co/HHibDtKKeA,-0.296,0.0,0.901,0.099,-60
461,2018-09-30 10:47:04+00:00,nytimes,"Generation Grandparent: For My Grandchild, the Moon https://t.co/YbsGun5w86",0.0,0.0,1.0,0.0,-61
462,2018-09-30 10:42:52+00:00,nytimes,Matt Damon Plays Brett Kavanaugh in ‚ÄòS.N.L.‚Äô Season Premiere https://t.co/3CqD7Aftmi,0.25,0.182,0.818,0.0,-62
463,2018-09-30 10:31:06+00:00,nytimes,A 2016 law in France penalized paying for sex instead of selling it. But some prostitutes say that law puts them in‚Ä¶ https://t.co/OUumvI7VM2,0.0,0.0,1.0,0.0,-63
464,2018-09-30 10:00:04+00:00,nytimes,"""Rarely has the reputation of a leader fallen so far, so fast."" Aung San Suu Kyi: Nobel laureate, democracy icon an‚Ä¶ https://t.co/9pGdOIuE9q",-0.3612,0.0,0.889,0.111,-64
465,2018-09-30 09:51:02+00:00,nytimes,Indonesia Tsunami Toll Soars Amid Push to Save Survivors https://t.co/aN9ArAV2zX,0.4939,0.262,0.738,0.0,-65
466,2018-09-30 09:41:43+00:00,nytimes,"Train stations, some remade and others crumbling, reflect the trajectories of their towns and cities. See what we f‚Ä¶ https://t.co/1SjefnRyYq",0.0,0.0,1.0,0.0,-66
467,2018-09-30 09:24:38+00:00,nytimes,"‚ÄúBolivia starts producing wine where everybody else stops,"" said one Bolivian winemaker https://t.co/ibmK0JbEaN",0.0,0.0,1.0,0.0,-67
468,2018-09-30 09:08:09+00:00,nytimes,"""Shock isn‚Äôt actually an emotion. It‚Äôs an amplification, or a performance, that masks the core reaction behind it ‚Äî‚Ä¶ https://t.co/k6KlzQ79Lf",-0.3818,0.0,0.874,0.126,-68
469,2018-09-30 08:50:48+00:00,nytimes,"A year into the #MeToo movement, has the marketing machinery of the red carpet changed at all? (The early answer is‚Ä¶ https://t.co/C9WU39FAfZ",0.0,0.0,1.0,0.0,-69
470,2018-09-30 08:34:27+00:00,nytimes,"Consuming caffeine regularly may increase the ability to withstand pain, a small study suggests https://t.co/30KdfHy6bW",0.0772,0.243,0.582,0.175,-70
471,2018-09-30 08:17:26+00:00,nytimes,No expensive equipment or fancy ingredients necessary https://t.co/R6IM2ySjhY,-0.296,0.0,0.761,0.239,-71
472,2018-09-30 08:00:33+00:00,nytimes,36 Hours in Montreal: This cosmopolitan city gives you the chance to tour streets filled with vibrant street art an‚Ä¶ https://t.co/alNBe3RN7B,0.6597,0.221,0.779,0.0,-72
473,2018-09-30 07:44:25+00:00,nytimes,This artist's work challenges the idea that ceramics are necessarily delicate¬†https://t.co/BEbo9fDV7o,0.128,0.2,0.8,0.0,-73
474,2018-09-30 07:09:29+00:00,nytimes,Colleges kept beer out of football stadiums for years. Now some of them are working to sell booze to fans so they d‚Ä¶ https://t.co/vaFslNZ1r3,0.0,0.0,1.0,0.0,-74
475,2018-09-30 06:53:20+00:00,nytimes,The NFL is trying to make football safer. So why are its players wearing less padding? https://t.co/OLO9K5f7cl,0.4215,0.149,0.851,0.0,-75
476,2018-09-30 06:37:09+00:00,nytimes,You were never second best https://t.co/ATplcP59kS,-0.5216,0.0,0.598,0.402,-76
477,2018-09-30 06:19:44+00:00,nytimes,letters: The Feminists and the Frat House https://t.co/4kORCydyIS,0.0,0.0,1.0,0.0,-77
478,2018-09-30 06:15:30+00:00,nytimes,"Kurt Vile's music is personal ‚Äî the ‚ÄúI‚Äù in his songs, he says, is almost always himself ‚Äî but not revealing https://t.co/MfHpIvkOuQ",0.0,0.0,1.0,0.0,-78
479,2018-09-30 05:59:02+00:00,nytimes,"""As my summer of pop-ups dragged on, I began to dread my evenings. What began as a kicky story idea became a masoch‚Ä¶ https://t.co/87M6VIqdgQ",-0.4939,0.0,0.819,0.181,-79
480,2018-09-30 05:42:23+00:00,nytimes,Are we born to be physically lazy? Probably. https://t.co/H22vGWszgP,-0.3612,0.0,0.762,0.238,-80
481,2018-09-30 05:25:47+00:00,nytimes,"In a real estate market tinged with uncertainty, renting feels like a safer bet to a number of people who could wel‚Ä¶ https://t.co/Tn26FyuilQ",0.4939,0.264,0.64,0.096,-81
482,2018-09-30 05:08:42+00:00,nytimes,"10 of the most-asked wedding-etiquette questions, answered https://t.co/ptS2HwMJ4R",0.0,0.0,1.0,0.0,-82
483,2018-09-30 04:51:22+00:00,nytimes,Toxic chemicals are lingering in the blubber of killer whales ‚Äî and they may end up wiping out half the world‚Äôs pop‚Ä¶ https://t.co/sFUb77o0Hb,-0.6486,0.0,0.83,0.17,-83
484,2018-09-30 04:33:54+00:00,nytimes,"RT @NYTHealth: The E.P.A. on Tuesday put the head of its Office of Children's Health Protection on administrative leave, an unusual move af‚Ä¶",-0.0516,0.0,0.948,0.052,-84
485,2018-09-30 04:17:52+00:00,nytimes,"The wild, ragged days of Governors Island are over, and development is coming https://t.co/5RYCRYzODg",0.0,0.0,1.0,0.0,-85
486,2018-09-30 04:00:19+00:00,nytimes,"""Mind-blowing"" 3-D maps of ancient Maya structures revealed beneath the canopy of the Guatemalan jungle by laser te‚Ä¶ https://t.co/OyasGWqwJF",0.0,0.0,1.0,0.0,-86
487,2018-09-30 03:41:12+00:00,nytimes,Robin Williams was an avid collector of art and memorabilia. A portion of his collection is coming up for sale. https://t.co/WC6pUczBla,0.296,0.104,0.896,0.0,-87
488,2018-09-30 03:23:16+00:00,nytimes,"On Baseball: For David Wright, the Mets‚Äô No. 5, a Sweet End to a Painful Journey https://t.co/w378Zv2XdY",-0.2732,0.149,0.597,0.254,-88
489,2018-09-30 03:17:15+00:00,nytimes,"""When you are a new mother, there are two things you will be asked about constantly, your baby and your boobs ‚Äî spe‚Ä¶ https://t.co/jrygJNih1p",0.0,0.0,1.0,0.0,-89
490,2018-09-30 02:59:40+00:00,nytimes,"Review: ""Black '47"" is a film about revenge, but studded with harrowing historical details about the Irish famine. https://t.co/rQB3NR1nQS",-0.296,0.0,0.885,0.115,-90
491,2018-09-30 02:42:38+00:00,nytimes,Iranian Official Says Oil Deal With Europeans Is Close Despite Threat of U.S. Sanctions https://t.co/ufK1Eqo9vS,-0.5267,0.0,0.805,0.195,-91
492,2018-09-30 02:26:32+00:00,nytimes,"RT @nytpolitics: With his fury and righteous indignation, Judge Kavanaugh becomes an avatar for Americans who saw Trump's election as vindi‚Ä¶",-0.7964,0.0,0.728,0.272,-92
493,2018-09-30 02:08:44+00:00,nytimes,"Whether you‚Äôre after a night in with your special someone or your sweatpants, this is your pasta https://t.co/ObQaJspGsr",0.4019,0.144,0.856,0.0,-93
494,2018-09-30 01:52:41+00:00,nytimes,Having all the right cholesterol numbers and staying active is no guarantee your heart is in great shape https://t.co/w4a83p177s,0.765,0.338,0.577,0.085,-94
495,2018-09-30 01:35:03+00:00,nytimes,RT @nytimesmusic: Pill testing has also become more common over the past few years at festivals in the United States https://t.co/iMINACZEKm,0.6486,0.218,0.782,0.0,-95
496,2018-09-30 01:25:08+00:00,nytimes,"Panic in Central Park: Noise at Global Citizen Festival Was Fallen Barrier, Not Gunshots https://t.co/RWqLi2fLMC",-0.4767,0.149,0.512,0.34,-96
497,2018-09-30 01:19:38+00:00,nytimes,"""I feel like it was a message being sent: 'Don‚Äôt be like Tara or you will end up like Tara,'"" one woman said of the‚Ä¶ https://t.co/X6ADa3Jsjq",0.7579,0.254,0.746,0.0,-97
498,2018-09-30 01:03:22+00:00,nytimes,"U.S. Weighed Penalizing El Salvador Over Support for China, Then Backed Off https://t.co/TkBOYa8uPO",0.4215,0.257,0.743,0.0,-98
499,2018-09-30 01:02:39+00:00,nytimes,"Christine Blasey Ford's composed, but wrenching, testimony was ""a stark reminder of the gender dynamics, and mental‚Ä¶ https://t.co/JcSJ1sduYP",0.3919,0.135,0.865,0.0,-99
